iso3c,iso2c,country,year,bn_cab_xoka_cd,bx_gsr_totl_cd,dt_dod_dppg_cd,dt_tds_dppg_cd
ABW,AW,Aruba,2001,308759776.536313,2067949720.67039,NA,NA
ARG,AR,Argentina,2001,-3780423241.1936,36474696527.7566,86641606230.8,9994574595.3
ATG,AG,Antigua and Barbuda,2001,-91170613.7844985,592030293.924319,NA,NA
BHS,BS,"Bahamas, The",2001,-644960000,2405800000,NA,NA
BLZ,BZ,Belize,2001,-190365259.763734,433958032.78435,648647744.6,94138290.8
BOL,BO,Bolivia,2001,-274011530.02828,1641878269.97172,3194375307.7,246768327.6
BRA,BR,Brazil,2001,-24890077179.8191,70377209916.3559,96618417433.9,15851073136
BRB,BB,Barbados,2001,-111242365.711709,1390191278.59737,NA,NA
CHL,CL,Chile,2001,-1100127918.63704,23868463511.7837,NA,NA
COL,CO,Colombia,2001,-1040314751.93966,15963042427.7184,21999603692.5,4433822045.6
CRI,CR,Costa Rica,2001,-514265066.186886,6748867876.04627,3519757576.7,625815271.8
CUB,CU,Cuba,2001,NA,NA,NA,NA
CUW,CW,Curacao,2001,NA,NA,NA,NA
CYM,KY,Cayman Islands,2001,NA,NA,NA,NA
DMA,DM,Dominica,2001,-43852852.38814,157770872.438526,210133915.8,16775387.5
DOM,DO,Dominican Republic,2001,-740800000,5831400000,3866675465.5,576785364.4
ECU,EC,Ecuador,2001,-551175742.395336,5833553019.63333,14541055237.7,1451862078.9
GRD,GD,Grenada,2001,-131112444.192459,214270363.248533,184755205.9,15979737.9
GTM,GT,Guatemala,2001,-1252904184.60113,4220412949.0005,2986744402.2,347377970.8
GUY,GY,Guyana,2001,-90900000,667500000,1095730195.7,36855035.4
HND,HN,Honduras,2001,-478666907.592412,2661109376.66089,4080203135.4,127364147.6
HTI,HT,Haiti,2001,-131900000,NA,1043602215.4,22930052.8
JAM,JM,Jamaica,2001,-758800000,3569600000,4362587466.7,672280934.8
KNA,KN,St. Kitts and Nevis,2001,-103289135.909104,213113015.3242,214558000,21695000
LCA,LC,St. Lucia,2001,-168044058.095251,343796795.525155,157912447.3,21802578.6
MAF,MF,St. Martin (French part),2001,NA,NA,NA,NA
MEX,MX,Mexico,2001,-17752510948,176806479850,96004743007.9,24453058842.8
NIC,NI,Nicaragua,2001,-820300000,945300000,5389744882.3,125388326.2
PAN,PA,Panama,2001,-191000000,9349500000,NA,NA
PER,PE,Peru,2001,-1202811329.86012,8826979722.87572,18951186668.2,1753430548.6
PRI,PR,Puerto Rico (US),2001,NA,NA,NA,NA
PRY,PY,Paraguay,2001,-31921267.6133269,3573660232.38667,2008849161.3,230817360.1
SLV,SV,El Salvador,2001,-150300000,2603500000,3249665078.7,308920411.6
SUR,SR,Suriname,2001,NA,NA,NA,NA
SXM,SX,Sint Maarten (Dutch part),2001,NA,NA,NA,NA
TCA,TC,Turks and Caicos Islands,2001,NA,NA,NA,NA
TTO,TT,Trinidad and Tobago,2001,416000022.230356,4977000266.05845,NA,NA
URY,UY,Uruguay,2001,-497628346.284269,4094881199.51548,NA,NA
VCT,VC,St. Vincent and the Grenadines,2001,-25563565.4660295,198527690.191059,162366731.7,11979783.8
VEN,VE,"Venezuela, RB",2001,1983000000,30646000000,NA,NA
VGB,VG,British Virgin Islands,2001,NA,NA,NA,NA
VIR,VI,Virgin Islands (U.S.),2001,NA,NA,NA,NA
ABW,AW,Aruba,2002,-340251396.648045,1480949720.67039,NA,NA
ARG,AR,Argentina,2002,8766610000,32093670000,90234099462.9,3577304413.7
ATG,AG,Antigua and Barbuda,2002,-84607717.9450344,604540415.672644,NA,NA
BHS,BS,"Bahamas, The",2002,-423317708.657,2591599201.85,NA,NA
BLZ,BZ,Belize,2002,-165323926.715384,483393435.656393,779301528.2,186529971.8
BOL,BO,Bolivia,2002,-351932880.93811,1658552119.06189,3582211732.6,220085211.2
BRA,BR,Brazil,2002,-9407043257.05195,72758192630.0269,99686853023.3,21884097900
BRB,BB,Barbados,2002,-144795834.45019,1397242868.6273,NA,NA
CHL,CL,Chile,2002,-580075884.957633,23679041178.8201,NA,NA
COL,CO,Colombia,2002,-1289193776.36478,14960298470.1299,20891296811.6,4897194367.2
CRI,CR,Costa Rica,2002,-860075342.237825,6711075018.7629,3381618031,605651411.2
CUB,CU,Cuba,2002,NA,NA,NA,NA
CUW,CW,Curacao,2002,NA,NA,NA,NA
CYM,KY,Cayman Islands,2002,NA,NA,NA,NA
DMA,DM,Dominica,2002,-33211083.3613349,161933041.770556,218947142.1,12193405.7
DOM,DO,Dominican Republic,2002,-797900000,5935800000,4370725844.9,571796412.5
ECU,EC,Ecuador,2002,-1219024875.34276,6224320463.9188,14329126083.4,1752115864.7
GRD,GD,Grenada,2002,-132719246.699837,198558247.855863,294919418.1,27341086.7
GTM,GT,Guatemala,2002,-1234874116.05622,4125400710.95116,3154595429.2,365626750.5
GUY,GY,Guyana,2002,-62300000,670200000,1144950807.1,52835796.4
HND,HN,Honduras,2002,-281571254.028688,2763360801.41879,4277411404.1,171909459.9
HTI,HT,Haiti,2002,-88950000,NA,1077896239.2,16331510.3
JAM,JM,Jamaica,2002,-1074035000,3442360000,4656707409.1,796101881.9
KNA,KN,St. Kitts and Nevis,2002,-96074161.6125419,229596120.378445,264750000,37991000
LCA,LC,St. Lucia,2002,-158570622.442208,340403615.754982,203231974.2,17065798.9
MAF,MF,St. Martin (French part),2002,NA,NA,NA,NA
MEX,MX,Mexico,2002,-12398045538,181306291854,101233617972.3,19433520040
NIC,NI,Nicaragua,2002,-784100000,913600000,5502699253.2,103326772.2
PAN,PA,Panama,2002,-113100000,8525800000,NA,NA
PER,PE,Peru,2002,-1110307794.82469,9274232852.81289,20980055436.7,3099849316.8
PRI,PR,Puerto Rico (US),2002,NA,NA,NA,NA
PRY,PY,Paraguay,2002,619819391.38508606,3494717391.38509,2083716240.4,204354157.1
SLV,SV,El Salvador,2002,-405150000,2679600000,4788464945.1,380318938.4
SUR,SR,Suriname,2002,NA,NA,NA,NA
SXM,SX,Sint Maarten (Dutch part),2002,NA,NA,NA,NA
TCA,TC,Turks and Caicos Islands,2002,NA,NA,NA,NA
TTO,TT,Trinidad and Tobago,2002,76400000,4610900000,NA,NA
URY,UY,Uruguay,2002,381948864.724465,3146464728.78409,NA,NA
VCT,VC,St. Vincent and the Grenadines,2002,-17792079.0171267,212966527.069462,172779463.8,11816296.4
VEN,VE,"Venezuela, RB",2002,7599000000,29268000000,NA,NA
VGB,VG,British Virgin Islands,2002,NA,NA,NA,NA
VIR,VI,Virgin Islands (U.S.),2002,NA,NA,NA,NA
ABW,AW,Aruba,2003,-165553072.625698,1798653631.28492,NA,NA
ARG,AR,Argentina,2003,8139930000,37439900000,96673899035.5,6833401361.2
ATG,AG,Antigua and Barbuda,2003,-86828233.4494885,685776844.885444,NA,NA
BHS,BS,"Bahamas, The",2003,-473510000,2560320000,NA,NA
BLZ,BZ,Belize,2003,-184286483.063725,521232221.576876,954156887.2,151146860.8
BOL,BO,Bolivia,2003,75594887.4166634,2032285035.63243,4182918936.6,267590034.1
BRA,BR,Brazil,2003,2193173018.4213,86217244619.7716,100064364208.9,20723994164.9
BRB,BB,Barbados,2003,-188204341.519287,1550328753.86274,NA,NA
CHL,CL,Chile,2003,164153378.691133,28216691012.5072,NA,NA
COL,CO,Colombia,2003,-911997622.355946,16289903692.9917,22941091658.3,5555794742.8
CRI,CR,Costa Rica,2003,-899691788.356237,7223519285.61102,3847645620.5,738439081.2
CUB,CU,Cuba,2003,NA,NA,NA,NA
CUW,CW,Curacao,2003,NA,NA,NA,NA
CYM,KY,Cayman Islands,2003,NA,NA,NA,NA
DMA,DM,Dominica,2003,-22575100.1620296,183325367.208859,224771350.7,14447374.2
DOM,DO,Dominican Republic,2003,1036180000,6749400000,6068332039.8,661597441.8
ECU,EC,Ecuador,2003,-386818498.301526,7389549410.11515,14489082235.7,1446507155.4
GRD,GD,Grenada,2003,-155763739.073906,219203221.995569,300106720.3,30240979.6
GTM,GT,Guatemala,2003,-1039185910.77308,4297754972.42066,3460917347.9,410572148.8
GUY,GY,Guyana,2003,-44600000,669500000,1216694727.1,48009519.5
HND,HN,Honduras,2003,-552820451.195314,2820712346.4448,4614178239.1,193361427.4
HTI,HT,Haiti,2003,-44780000,NA,1210141672.6,37374998.4
JAM,JM,Jamaica,2003,-773356367.272784,3740930000,4586343984.4,799164256
KNA,KN,St. Kitts and Nevis,2003,-83350520.4185648,259020036.760695,313970000,43314000
LCA,LC,St. Lucia,2003,-206679659.119586,414392081.534164,229585698.3,26493251
MAF,MF,St. Martin (French part),2003,NA,NA,NA,NA
MEX,MX,Mexico,2003,-4032619657.99999,186195478716,109049864305.1,22052819386.9
NIC,NI,Nicaragua,2003,-705500000,1019500000,5805945348.2,123579785.6
PAN,PA,Panama,2003,-575200000,8383500000,NA,NA
PER,PE,Peru,2003,-948531329.398338,10940721123.5708,23072236563.2,2218320507.7
PRI,PR,Puerto Rico (US),2003,NA,NA,NA,NA
PRY,PY,Paraguay,2003,17010535.2068859,3679061535.20689,2233714652.8,217396389.4
SLV,SV,El Salvador,2003,-702197959.630693,2862191937.15393,5376026305.7,499280437.4
SUR,SR,Suriname,2003,NA,NA,NA,NA
SXM,SX,Sint Maarten (Dutch part),2003,NA,NA,NA,NA
TCA,TC,Turks and Caicos Islands,2003,NA,NA,NA,NA
TTO,TT,Trinidad and Tobago,2003,984700000,5959100000,NA,NA
URY,UY,Uruguay,2003,-87260665.3550651,3294399427.06151,NA,NA
VCT,VC,St. Vincent and the Grenadines,2003,-42811297.7046156,219164082.696587,195528873.1,13768803.3
VEN,VE,"Venezuela, RB",2003,11796000000,29837000000,NA,NA
VGB,VG,British Virgin Islands,2003,NA,NA,NA,NA
VIR,VI,Virgin Islands (U.S.),2003,NA,NA,NA,NA
ABW,AW,Aruba,2004,270888268.156425,4723581005.58659,NA,NA
ARG,AR,Argentina,2004,3211790000,43478020000,103055442075.4,2583475133.6
ATG,AG,Antigua and Barbuda,2004,-64761939.0503259,775957169.979753,NA,NA
BHS,BS,"Bahamas, The",2004,-307120000,2801280000,NA,NA
BLZ,BZ,Belize,2004,-154923750.99123,532400145.562825,936756577.4,326922583.5
BOL,BO,Bolivia,2004,337499451.331106,2637965186.20425,4578512066.8,261666188.5
BRA,BR,Brazil,2004,8959313364.24297,111258894323.518,97455861807.8,20535861959.7
BRB,BB,Barbados,2004,-437235618.857469,1577192009.19742,NA,NA
CHL,CL,Chile,2004,3230434888.42407,40641425363.6274,NA,NA
COL,CO,Colombia,2004,-774546542.895837,20341759840.9902,23921919034.5,3735277474.2
CRI,CR,Costa Rica,2004,-675040285.839869,8101357122.08174,3512063554.1,611598816.3
CUB,CU,Cuba,2004,NA,NA,NA,NA
CUW,CW,Curacao,2004,NA,NA,NA,NA
CYM,KY,Cayman Islands,2004,NA,NA,NA,NA
DMA,DM,Dominica,2004,-33354494.0301226,192054637.113198,244648126.5,15875407.6
DOM,DO,Dominican Republic,2004,1041480000,7244870000,6650504553.6,757787152.3
ECU,EC,Ecuador,2004,-479422715.697438,9081827656.06305,14133159848.1,2048162392.5
GRD,GD,Grenada,2004,-131263475.573667,209732680.022249,346742454.3,27406012.4
GTM,GT,Guatemala,2004,-1164400000,6425400000,3827820022.9,488886714.1
GUY,GY,Guyana,2004,-19915600,748887000,1141353172.2,39976399.5
HND,HN,Honduras,2004,-683390969.51344,3325195046.19741,4989655532.3,207534798.6
HTI,HT,Haiti,2004,-62380000,NA,1225006092.3,90223359.8
JAM,JM,Jamaica,2004,-501560989.4947,4168314718.70717,5287450523.7,808152777.6
KNA,KN,St. Kitts and Nevis,2004,-39044633.6924896,306473476.043194,312616000,46418000
LCA,LC,St. Lucia,2004,-158659641.355627,489318551.010317,252561066.2,20084424.4
MAF,MF,St. Martin (French part),2004,NA,NA,NA,NA
MEX,MX,Mexico,2004,-3808647028.00002,211682465341,112130505704.2,25138489807.8
NIC,NI,Nicaragua,2004,-687400000,1234500000,4044247207.8,66278236.4
PAN,PA,Panama,2004,-1045400000,9625400000,NA,NA
PER,PE,Peru,2004,19286880.1631118,14920374753.1807,24715384383.7,2447714821.7
PRI,PR,Puerto Rico (US),2004,NA,NA,NA,NA
PRY,PY,Paraguay,2004,-9809999.1230099,4431028000.87697,2465545460.4,353520353.9
SLV,SV,El Salvador,2004,-641875012.728614,2976050173.14003,5566959311.5,574944023.2
SUR,SR,Suriname,2004,NA,NA,NA,NA
SXM,SX,Sint Maarten (Dutch part),2004,NA,NA,NA,NA
TCA,TC,Turks and Caicos Islands,2004,NA,NA,NA,NA
TTO,TT,Trinidad and Tobago,2004,1792858664.5938,7450258664.5938,NA,NA
URY,UY,Uruguay,2004,3124735.73349139,4628929790.22246,NA,NA
VCT,VC,St. Vincent and the Grenadines,2004,-73198902.6184482,224359970.435982,224527581.4,19311572.1
VEN,VE,"Venezuela, RB",2004,15519000000,42832000000,NA,NA
VGB,VG,British Virgin Islands,2004,NA,NA,NA,NA
VIR,VI,Virgin Islands (U.S.),2004,NA,NA,NA,NA
ABW,AW,Aruba,2005,104963491.341427,5766391335.85861,NA,NA
ARG,AR,Argentina,2005,5273750000,51204020000,59419258383,3178284455.9
ATG,AG,Antigua and Barbuda,2005,-114398256.236039,831778667.843834,NA,NA
BHS,BS,"Bahamas, The",2005,-700637472.074333,3157026153.259,NA,NA
BLZ,BZ,Belize,2005,-151221160.548999,621781575.872826,990731204.9,228321163.2
BOL,BO,Bolivia,2005,622439173.907653,3400621025.11788,4589843582.9,285275152.2
BRA,BR,Brazil,2005,11679374942.1176,136785580667.174,94354180319,16181584702.1
BRB,BB,Barbados,2005,-495742535.692656,1897910464.21897,NA,NA
CHL,CL,Chile,2005,2337151911.98815,51026782305.3943,NA,NA
COL,CO,Colombia,2005,-1947743523.40683,25674508685.2823,22496235367.8,6699750417.4
CRI,CR,Costa Rica,2005,-860047056.609942,9085793005.62096,3159253414,470493531.1
CUB,CU,Cuba,2005,NA,NA,NA,NA
CUW,CW,Curacao,2005,NA,NA,NA,NA
CYM,KY,Cayman Islands,2005,NA,NA,NA,NA
DMA,DM,Dominica,2005,-62989897.2582085,178422187.870386,241254953.3,15392587
DOM,DO,Dominican Republic,2005,-472910000,8013240000,6417573059.9,673752690.9
ECU,EC,Ecuador,2005,473925450.450204,11692971202.2479,14117632383.5,1717368668.3
GRD,GD,Grenada,2005,-251770912.432504,207842505.871907,345175787.2,8981094.1
GTM,GT,Guatemala,2005,-1241000000,7068800000,3720330899,402967375.5
GUY,GY,Guyana,2005,-96268000,696757000,1041352503.6,25293175.1
HND,HN,Honduras,2005,-304335008.452308,3816910249.70996,4144881601.2,204390351.5
HTI,HT,Haiti,2005,7048000,NA,1277911305.4,50934911.7
JAM,JM,Jamaica,2005,-1071321664.28855,4321921572.81642,5557390526.9,904537479.2
KNA,KN,St. Kitts and Nevis,2005,-39572731.0902189,356168832.91185,290336000,48608000
LCA,LC,St. Lucia,2005,-176084971.961894,574701307.956459,245727085.6,27320910.6
MAF,MF,St. Martin (French part),2005,NA,NA,NA,NA
MEX,MX,Mexico,2005,-5721376165.99999,240445204379,115549406066,23230257279.2
NIC,NI,Nicaragua,2005,-783570000,1433830000,3950765412.7,107810322.3
PAN,PA,Panama,2005,-1064100000,11620000000,NA,NA
PER,PE,Peru,2005,1147610228.96893,20006325094.5041,22541826670.1,4440196669.7
PRI,PR,Puerto Rico (US),2005,NA,NA,NA,NA
PRY,PY,Paraguay,2005,-67505837.8829496,5181738964.14028,2290391963.8,316594640.9
SLV,SV,El Salvador,2005,-621590000,3516830000,5107176437.3,527894690
SUR,SR,Suriname,2005,-146700000,1439600000,NA,NA
SXM,SX,Sint Maarten (Dutch part),2005,NA,NA,NA,NA
TCA,TC,Turks and Caicos Islands,2005,NA,NA,NA,NA
TTO,TT,Trinidad and Tobago,2005,3881346809.6652,10962446809.6652,NA,NA
URY,UY,Uruguay,2005,42278058.6449692,5648492366.13724,NA,NA
VCT,VC,St. Vincent and the Grenadines,2005,-81384170.4128481,237496597.289639,247838294.1,23637119.5
VEN,VE,"Venezuela, RB",2005,25447000000,61208000000,NA,NA
VGB,VG,British Virgin Islands,2005,NA,NA,NA,NA
VIR,VI,Virgin Islands (U.S.),2005,NA,NA,NA,NA
ABW,AW,Aruba,2006,310555693.72256,6088447715.12383,NA,NA
ARG,AR,Argentina,2006,6498802520.20453,60213128417.1119,63381279800.3,4004566750.8
ATG,AG,Antigua and Barbuda,2006,-258690923.178123,852180062.769685,NA,NA
BHS,BS,"Bahamas, The",2006,-1403710000,3259010000,NA,NA
BLZ,BZ,Belize,2006,-25383981.5972728,786064530.283885,1019586984,137172355.5
BOL,BO,Bolivia,2006,1317472316.56231,4584798041.71298,3198539466.3,313003054.9
BRA,BR,Brazil,2006,10773999924.4617,162396094941.604,84551656462,31661188376.7
BRB,BB,Barbados,2006,-442370494.173792,2177829123.10991,NA,NA
CHL,CL,Chile,2006,8455912547.51398,70046458906.9058,NA,NA
COL,CO,Colombia,2006,-2991011803.11063,30374203074.3268,24933939012.2,5118044706.4
CRI,CR,Costa Rica,2006,-938716203.573065,10350291167.8367,3309542783.3,371212353.9
CUB,CU,Cuba,2006,NA,NA,NA,NA
CUW,CW,Curacao,2006,NA,NA,NA,NA
CYM,KY,Cayman Islands,2006,NA,NA,NA,NA
DMA,DM,Dominica,2006,-29111991.8272397,206632841.205151,235938849.4,17267181.8
DOM,DO,Dominican Republic,2006,-1287410000,9291000000,6904003701.7,1191523710.2
ECU,EC,Ecuador,2006,1739926904.30173,14499190567.9359,13570101766.9,2525051768.5
GRD,GD,Grenada,2006,-247046419.378769,227459704.197293,408837769.5,12191984.8
GTM,GT,Guatemala,2006,-1524000000,8035600000,3953321051.8,472176072.5
GUY,GY,Guyana,2006,-180641000,730041000,923405903.3,29242464.8
HND,HN,Honduras,2006,-382653481.163833,4135566682.33915,3008525317.2,156305303.3
HTI,HT,Haiti,2006,-85029000,709947000,1346140839.5,50780984.6
JAM,JM,Jamaica,2006,-1182858296.42866,5160686255.68003,6144137566,734078542.5
KNA,KN,St. Kitts and Nevis,2006,-71271429.3157556,386084891.264171,285200000,47319000
LCA,LC,St. Lucia,2006,-371992622.316411,474183087.9076,257580398,30863091.7
MAF,MF,St. Martin (French part),2006,NA,NA,NA,NA
MEX,MX,Mexico,2006,-3229705575,279385757376,105465177068.6,38814832589.6
NIC,NI,Nicaragua,2006,-884700000,2155200000,3248317165.9,97901808
PAN,PA,Panama,2006,-462799999.999999,13835800000,NA,NA
PER,PE,Peru,2006,2872489024.18697,27175380429.4141,22186694503.7,2538583477.4
PRI,PR,Puerto Rico (US),2006,NA,NA,NA,NA
PRY,PY,Paraguay,2006,167126142.174,6443092118.45604,2243324811.8,325097142
SLV,SV,El Salvador,2006,-765560000,4005070000,5388629361.6,820274982.4
SUR,SR,Suriname,2006,220600000,1436100000,NA,NA
SXM,SX,Sint Maarten (Dutch part),2006,NA,NA,NA,NA
TCA,TC,Turks and Caicos Islands,2006,NA,NA,NA,NA
TTO,TT,Trinidad and Tobago,2006,7124822193.7939,15141322193.7939,NA,NA
URY,UY,Uruguay,2006,-391880827.91515,6528764271.72952,NA,NA
VCT,VC,St. Vincent and the Grenadines,2006,-105907543.490395,242974094.434129,242460047.8,33320195.7
VEN,VE,"Venezuela, RB",2006,26462000000,75348000000,NA,NA
VGB,VG,British Virgin Islands,2006,NA,NA,NA,NA
VIR,VI,Virgin Islands (U.S.),2006,NA,NA,NA,NA
ABW,AW,Aruba,2007,258268156.424581,6768659217.87709,NA,NA
ARG,AR,Argentina,2007,6048537892.88669,72746977098.8969,71086100933,5011131954
ATG,AG,Antigua and Barbuda,2007,-427654577.547059,822743533.21568,NA,NA
BHS,BS,"Bahamas, The",2007,-1315098058.99422,3522484138.25,NA,NA
BLZ,BZ,Belize,2007,-52089996.9562386,823317708.673485,1039945812,649104737.8
BOL,BO,Bolivia,2007,1591246147.31376,5324570734.85986,2178149345.9,269462261.6
BRA,BR,Brazil,2007,-2753670195.51863,194453306495.544,79869902875,21201928120.7
BRB,BB,Barbados,2007,-347371226.136961,2366019798.01184,NA,NA
CHL,CL,Chile,2007,8720422182.29573,82775379743.6,NA,NA
COL,CO,Colombia,2007,-6149613557.24906,36974836719.5041,27658024422.1,4806600322.5
CRI,CR,Costa Rica,2007,-1498808912.55762,11533071115.1327,3646179472.2,381504160.7
CUB,CU,Cuba,2007,NA,NA,NA,NA
CUW,CW,Curacao,2007,NA,NA,NA,NA
CYM,KY,Cayman Islands,2007,NA,NA,NA,NA
DMA,DM,Dominica,2007,-76516241.4409115,201312177.63916,232939635.2,16554659.2
DOM,DO,Dominican Republic,2007,-2166300000,10314000000,6825216064.8,1220624939.5
ECU,EC,Ecuador,2007,1886488798.71568,16407687827.7601,13987986545.8,1960363861.3
GRD,GD,Grenada,2007,-222223400.21247,326265555.978136,433571022.4,15340344.2
GTM,GT,Guatemala,2007,-1785600000,9270400000,4222076232.8,609308716.1
GUY,GY,Guyana,2007,-165677000,850649000,584039310.2,24992161.8
HND,HN,Honduras,2007,-1116156503.15255,4641411998.52315,2008051518.7,157757654.5
HTI,HT,Haiti,2007,-85773000,800986000,1524554791.3,45544719.5
JAM,JM,Jamaica,2007,-2038139959.14826,5589869864.18724,6753591140.9,1047416199.7
KNA,KN,St. Kitts and Nevis,2007,-95789147.8724267,386401220.280488,269686000,47952000
LCA,LC,St. Lucia,2007,-245606265.578834,730178657.746273,306521618.6,42027024.3
MAF,MF,St. Martin (French part),2007,NA,NA,NA,NA
MEX,MX,Mexico,2007,-9310944947.00001,304588838622,120831583235.3,21477634322.8
NIC,NI,Nicaragua,2007,-1207000000,2503400000,2179638324.9,243838084.9
PAN,PA,Panama,2007,-1179600000,17074700000,NA,NA
PER,PE,Peru,2007,1460344785.97979,32510579715.8574,19853668475.2,7378677503
PRI,PR,Puerto Rico (US),2007,NA,NA,NA,NA
PRY,PY,Paraguay,2007,778964609.71248,7969992432.18043,2205199202.7,310146352.7
SLV,SV,El Salvador,2007,-1216560000,4657280000,5454044218.8,715570344.6
SUR,SR,Suriname,2007,324500000,1656000000,NA,NA
SXM,SX,Sint Maarten (Dutch part),2007,NA,NA,NA,NA
TCA,TC,Turks and Caicos Islands,2007,NA,NA,NA,NA
TTO,TT,Trinidad and Tobago,2007,5166460780.6821,14388560780.6821,NA,NA
URY,UY,Uruguay,2007,-220452116.74447,7818401836.53508,NA,NA
VCT,VC,St. Vincent and the Grenadines,2007,-152508595.687598,267829313.345537,199822690.8,27777151.7
VEN,VE,"Venezuela, RB",2007,13464000000,82202000000,NA,NA
VGB,VG,British Virgin Islands,2007,NA,NA,NA,NA
VIR,VI,Virgin Islands (U.S.),2007,NA,NA,NA,NA
ABW,AW,Aruba,2008,111731.84357547,7131452513.96648,NA,NA
ARG,AR,Argentina,2008,5421206328.61008,87208615201.963,70923520108.4,5873587091.3
ATG,AG,Antigua and Barbuda,2008,-337074421.728114,966154895.660743,NA,NA
BHS,BS,"Bahamas, The",2008,-1222077999.131,3603116609.6,NA,NA
BLZ,BZ,Belize,2008,-144877244.414546,872493092.4388,1021346555.1,101011993.2
BOL,BO,Bolivia,2008,1992699060.96837,7369497131.15274,2421319357.7,474909327.6
BRA,BR,Brazil,2008,-35601727612.8429,239286455536.946,79918497337.9,22409201740.2
BRB,BB,Barbados,2008,-431911348.774439,2523351952.61916,NA,NA
CHL,CL,Chile,2008,-7534471017.57505,79985279264.4576,NA,NA
COL,CO,Colombia,2008,-6497270736.68045,45794033359.6372,29206712361.1,4310694648.7
CRI,CR,Costa Rica,2008,-2580547377.89337,12568404495.5272,3224025244.4,1094733465.4
CUB,CU,Cuba,2008,NA,NA,NA,NA
CUW,CW,Curacao,2008,NA,NA,NA,NA
CYM,KY,Cayman Islands,2008,NA,NA,NA,NA
DMA,DM,Dominica,2008,-117688640.005715,214814743.571997,221911559.8,18369520.5
DOM,DO,Dominican Republic,2008,-4519700000,9998500000,7285303130.5,1162238582.7
ECU,EC,Ecuador,2008,1769407670.26781,21235891828.8698,13339094423.3,1744569287.6
GRD,GD,Grenada,2008,-217318286.80645,351861757.200111,460266617,16979118.1
GTM,GT,Guatemala,2008,-1553562660,9571932590,4384590154.6,516988368.6
GUY,GY,Guyana,2008,-321363632.57136,1054666635.87332,675244480.9,26369538
HND,HN,Honduras,2008,-2129853584.47427,5013288516.86048,2334245028.2,103395982.7
HTI,HT,Haiti,2008,-204814583.793969,945221851.186649,1838106507.3,57540278.8
JAM,JM,Jamaica,2008,-2793264220.31389,6027059753.56768,6945833813.9,948823263.6
KNA,KN,St. Kitts and Nevis,2008,-133712762.688418,454866683.321847,244432000,46394000
LCA,LC,St. Lucia,2008,-348496655.700404,667058886.493013,321838852.9,48342610.7
MAF,MF,St. Martin (French part),2008,NA,NA,NA,NA
MEX,MX,Mexico,2008,-16340834077,325361274777,128375103765,22043438043.1
NIC,NI,Nicaragua,2008,-1450300000,2973000000,2259376618.2,91456556.9
PAN,PA,Panama,2008,-2287200000,21481600000,NA,NA
PER,PE,Peru,2008,-5317632556.54802,36143636934.2046,19414502174,3802692312.6
PRI,PR,Puerto Rico (US),2008,NA,NA,NA,NA
PRY,PY,Paraguay,2008,88501714.5729599,10595875577.5207,2272097943.7,334064406.4
SLV,SV,El Salvador,2008,-1532170000,4989000000,5791445789.5,719940929.5
SUR,SR,Suriname,2008,325700000,2069900000,NA,NA
SXM,SX,Sint Maarten (Dutch part),2008,NA,NA,NA,NA
TCA,TC,Turks and Caicos Islands,2008,NA,NA,NA,NA
TTO,TT,Trinidad and Tobago,2008,8499028922.6859,19867128922.6859,NA,NA
URY,UY,Uruguay,2008,-1728989727.07313,10129696503.4687,NA,NA
VCT,VC,St. Vincent and the Grenadines,2008,-229973821.283157,244856092.642242,227951550.9,30128524.1
VEN,VE,"Venezuela, RB",2008,31297000000,105779000000,NA,NA
VGB,VG,British Virgin Islands,2008,NA,NA,NA,NA
VIR,VI,Virgin Islands (U.S.),2008,NA,NA,NA,NA
ABW,AW,Aruba,2009,171675977.653631,3549217877.09497,NA,NA
ARG,AR,Argentina,2009,7254115683.93703,69866766023.3485,75796982671.2,7623385200.5
ATG,AG,Antigua and Barbuda,2009,-180970641.582571,895736311.67566,NA,NA
BHS,BS,"Bahamas, The",2009,-808980000,3119235000,NA,NA
BLZ,BZ,Belize,2009,-82838728.4884125,732767580.282032,1036856715.9,96001675
BOL,BO,Bolivia,2009,813540000,5662610000,2572014064.4,268315767.8
BRA,BR,Brazil,2009,-29328433093.6155,188104584733.303,87513195186.8,13444232772.6
BRB,BB,Barbados,2009,-381050945.366036,2167429725.58849,NA,NA
CHL,CL,Chile,2009,2473170320.21126,67743552398.5465,NA,NA
COL,CO,Colombia,2009,-4433005419.50091,41130909934.4066,35547219160.7,3784572012.1
CRI,CR,Costa Rica,2009,-560580957.632153,11067310211.6263,3208135710.6,791565696.3
CUB,CU,Cuba,2009,NA,NA,NA,NA
CUW,CW,Curacao,2009,NA,NA,NA,NA
CYM,KY,Cayman Islands,2009,NA,NA,NA,NA
DMA,DM,Dominica,2009,-101424974.581804,210350043.29577,217933286.6,20419924.9
DOM,DO,Dominican Republic,2009,-2302900000,8443500000,8162234144.9,1220313987.8
ECU,EC,Ecuador,2009,313049365.566019,15947616988.453,7113257228.2,7018800504.2
GRD,GD,Grenada,2009,-130521325.245298,349130501.60231,477761359.7,20012060
GTM,GT,Guatemala,2009,72262890.000001,8832913270,4925728547.7,527240587.3
GUY,GY,Guyana,2009,-230589983.38158,978287406.261279,779602970.9,18550505.1
HND,HN,Honduras,2009,-556653464.75883,4318254630.55641,2480951447.1,162764313.5
HTI,HT,Haiti,2009,-122185676.878835,1065133417.13622,1157582929,41031847.9
JAM,JM,Jamaica,2009,-1127502303.11628,4273247559.42826,6718312677.9,1249764383.8
KNA,KN,St. Kitts and Nevis,2009,-163567958.980353,403922823.540402,222850000,41727000
LCA,LC,St. Lucia,2009,-118700626.976384,700817795.080639,320596574.4,42011970.2
MAF,MF,St. Martin (French part),2009,NA,NA,NA,NA
MEX,MX,Mexico,2009,-7084541099.00002,256685122217,118878063672.2,17891436782.1
NIC,NI,Nicaragua,2009,-701500000,2844500000,2526915919.9,99487476.9
PAN,PA,Panama,2009,-212299999.999999,20356100000,NA,NA
PER,PE,Peru,2009,-722870310.65399,31800578525.7509,20787578840.9,2916650584.2
PRI,PR,Puerto Rico (US),2009,NA,NA,NA,NA
PRY,PY,Paraguay,2009,389164330.956717,8575662570.82206,2269431814.1,360312863.5
SLV,SV,El Salvador,2009,-312196471.686338,4292765311.30289,6147030597.2,934036604.7
SUR,SR,Suriname,2009,111300000,1718300000,NA,NA
SXM,SX,Sint Maarten (Dutch part),2009,NA,NA,NA,NA
TCA,TC,Turks and Caicos Islands,2009,NA,NA,NA,NA
TTO,TT,Trinidad and Tobago,2009,1632776047.2721,10266376047.2721,NA,NA
URY,UY,Uruguay,2009,-381285464.92504,9243069327.40751,NA,NA
VCT,VC,St. Vincent and the Grenadines,2009,-183401949.8725,240370539.241189,225668976.4,36159645.9
VEN,VE,"Venezuela, RB",2009,429000000,62955000000,NA,NA
VGB,VG,British Virgin Islands,2009,NA,NA,NA,NA
VIR,VI,Virgin Islands (U.S.),2009,NA,NA,NA,NA
ABW,AW,Aruba,2010,-460111731.843575,1870558659.21788,NA,NA
ARG,AR,Argentina,2010,-1622995871.25068,83888208132.8251,69184226965.5,8734949204.2
ATG,AG,Antigua and Barbuda,2010,-141181263.057124,856103737.367078,NA,NA
BHS,BS,"Bahamas, The",2010,-814043000,3234768000,NA,NA
BLZ,BZ,Belize,2010,-45736663.0380745,834170906.42726,1018915831.7,96358523.9
BOL,BO,Bolivia,2010,873745670.09457,6918664527.02533,2829604751.5,300631686.4
BRA,BR,Brazil,2010,-86717778084.25,248954383744.59,97485566992.5,14800234705.1
BRB,BB,Barbados,2010,-272352980.335986,2292523306.79183,NA,NA
CHL,CL,Chile,2010,1946692533.49391,87639188450.604,NA,NA
COL,CO,Colombia,2010,-8583011647.50193,48698794988.6607,37057569573.3,4439643161.5
CRI,CR,Costa Rica,2010,-1213874254.44305,12785671893.2932,3821996704.6,554539698.9
CUB,CU,Cuba,2010,NA,NA,NA,NA
CUW,CW,Curacao,2010,NA,NA,NA,NA
CYM,KY,Cayman Islands,2010,NA,NA,NA,NA
DMA,DM,Dominica,2010,-88027438.5059167,241029150.153243,235618826.2,15234995.3
DOM,DO,Dominican Republic,2010,-4023500000,12756600000,9440605901.9,1134565878.9
ECU,EC,Ecuador,2010,-1582287237.9006,19687032373.8304,8799635307.6,967982172.1
GRD,GD,Grenada,2010,-149949270.016255,353433312.670155,476704201.8,25640884.1
GTM,GT,Guatemala,2010,-766950989.999999,9970280640,5559198592.1,547726537.1
GUY,GY,Guyana,2010,-246354258.11448,1197026985.87065,885284305.4,27135270.4
HND,HN,Honduras,2010,-804073094.360135,4992872077.32505,2834475232.5,109299667.3
HTI,HT,Haiti,2010,-101824279.161843,1049086780.81533,824036930.8,130458632
JAM,JM,Jamaica,2010,-934005337.22266,4247575330.51897,7602866446.8,825457032.2
KNA,KN,St. Kitts and Nevis,2010,-119367646.416766,441775003.173872,198148000,44750000
LCA,LC,St. Lucia,2010,-187824547.856077,799054889.109676,326434160.2,41255295.8
MAF,MF,St. Martin (French part),2010,NA,NA,NA,NA
MEX,MX,Mexico,2010,-3753937792.99999,330633221488,145925213054.5,19800089082.1
NIC,NI,Nicaragua,2010,-777300000,3563500000,2704384419.5,89346848.4
PAN,PA,Panama,2010,-3121400000,22252000000,NA,NA
PER,PE,Peru,2010,-3564433461.29145,40220992459.9993,20008817952,4585583413.8
PRI,PR,Puerto Rico (US),2010,NA,NA,NA,NA
PRY,PY,Paraguay,2010,-308555718.264469,11405904564.7924,2390048037.7,304957748.8
SLV,SV,El Salvador,2010,-532815819.146863,5027624906.95867,6838561802.3,835711526.8
SUR,SR,Suriname,2010,650845840.323741,2351597840.32374,NA,NA
SXM,SX,Sint Maarten (Dutch part),2010,NA,NA,NA,NA
TCA,TC,Turks and Caicos Islands,2010,NA,NA,NA,NA
TTO,TT,Trinidad and Tobago,2010,4172327322.1487,12393227322.1487,NA,NA
URY,UY,Uruguay,2010,-730841067.89421,11173402620.8034,NA,NA
VCT,VC,St. Vincent and the Grenadines,2010,-189661319.408338,236290067.613959,277941940.6,35831601.3
VEN,VE,"Venezuela, RB",2010,5585000000,70481000000,NA,NA
VGB,VG,British Virgin Islands,2010,NA,NA,NA,NA
VIR,VI,Virgin Islands (U.S.),2010,NA,NA,NA,NA
ABW,AW,Aruba,2011,-260558659.217877,6901564245.81006,NA,NA
ARG,AR,Argentina,2011,-5340181192.3952,100852552853.974,71538394036.7,7820481977.8
ATG,AG,Antigua and Barbuda,2011,-65308239.4086589,903196298.376698,NA,NA
BHS,BS,"Bahamas, The",2011,-1203144000,3382563000,NA,NA
BLZ,BZ,Belize,2011,-19948868.1395558,948530342.390357,1014198645.3,88545152.5
BOL,BO,Bolivia,2011,537204935.34069,9259640783.46915,3433273512.9,231196227.6
BRA,BR,Brazil,2011,-83576205984.365,314721136876.345,94712068704.8,21297957456.6
BRB,BB,Barbados,2011,-173611506.825509,2587012922.19879,NA,NA
CHL,CL,Chile,2011,-12360830621.9413,97558343798.0326,NA,NA
COL,CO,Colombia,2011,-9734499319.54437,67742346673.8088,41592552980.3,4432212513.6
CRI,CR,Costa Rica,2011,-2265057621.4729,14378962228.6072,3968455371.6,841049048
CUB,CU,Cuba,2011,NA,NA,NA,NA
CUW,CW,Curacao,2011,-879497206.703911,2219608938.54749,NA,NA
CYM,KY,Cayman Islands,2011,NA,NA,NA,NA
DMA,DM,Dominica,2011,-71015543.4452104,248053140.703365,247580583.5,14753235.7
DOM,DO,Dominican Republic,2011,-4358700000,14889000000,10761625596.7,1261314934.6
ECU,EC,Ecuador,2011,-400136159.763148,24754257979.7944,10164301966.6,1430316717.4
GRD,GD,Grenada,2011,-145341117.28288,382806590.257586,470557369.3,24663192.4
GTM,GT,Guatemala,2011,-1579834920,11972758440,5354012787.9,887917223.3
GUY,GY,Guyana,2011,-372288521.10006,1478564912.85545,1054562354,33132240.4
HND,HN,Honduras,2011,-1408660826.65629,6290146495.5711,3218172723.9,124926923.5
HTI,HT,Haiti,2011,-323623966.85515,1355928894.86069,627636589.1,5086674
JAM,JM,Jamaica,2011,-2063190118.18722,4507787350.95548,7761935117.9,1217963635.6
KNA,KN,St. Kitts and Nevis,2011,-65337509.0107304,484754269.173064,NA,NA
LCA,LC,St. Lucia,2011,-224388649.208522,793082954.6368,314724168.2,43251035.7
MAF,MF,St. Martin (French part),2011,NA,NA,NA,NA
MEX,MX,Mexico,2011,-10543617766,383822993361,164302056445.5,19701066496.6
NIC,NI,Nicaragua,2011,-1163900000,4424400000,2867052058,102746525.6
PAN,PA,Panama,2011,-4517400000,29326300000,NA,NA
PER,PE,Peru,2011,-3373782035.11819,51030230969.5052,20142466709.6,1892972629.7
PRI,PR,Puerto Rico (US),2011,NA,NA,NA,NA
PRY,PY,Paraguay,2011,-228736283.907916,13649752117.088,2328912251.5,310785652
SLV,SV,El Salvador,2011,-1111764528.13281,5940297855.203,7271621415.6,1005584122.2
SUR,SR,Suriname,2011,431306071.17965,2863817997.68048,NA,NA
SXM,SX,Sint Maarten (Dutch part),2011,-4513407.82122899,1058548044.69274,NA,NA
TCA,TC,Turks and Caicos Islands,2011,NA,NA,NA,NA
TTO,TT,Trinidad and Tobago,2011,4708371321.5015,18900000083.4561,NA,NA
URY,UY,Uruguay,2011,-1314605653.04874,13420491952.361,NA,NA
VCT,VC,St. Vincent and the Grenadines,2011,-159406847.2515,241370420.032511,282294091.1,34706051.3
VEN,VE,"Venezuela, RB",2011,16342000000,97678000000,NA,NA
VGB,VG,British Virgin Islands,2011,NA,NA,NA,NA
VIR,VI,Virgin Islands (U.S.),2011,NA,NA,NA,NA
ABW,AW,Aruba,2012,90837988.8268156,3187206703.91061,NA,NA
ARG,AR,Argentina,2012,-2138040360.43296,96586241540.6775,70577681118.3,6104249742.2
ATG,AG,Antigua and Barbuda,2012,-110683227.906728,924839757.119455,NA,NA
BHS,BS,"Bahamas, The",2012,-1504802400,3725090600,NA,NA
BLZ,BZ,Belize,2012,-33113119.8533949,1039521955.13461,984734605.8,93731823.8
BOL,BO,Bolivia,2012,1970039110.21655,12399420637.2437,4189264509.5,442674670.2
BRA,BR,Brazil,2012,-92678171336.37,289485192619.46,116646485320.1,11772136232.9
BRB,BB,Barbados,2012,-448497185.12899,2296743639.0833,NA,NA
CHL,CL,Chile,2012,-14228392009.9749,96969375036.2435,NA,NA
COL,CO,Colombia,2012,-11639998929.7531,73003061953.4525,46180359908.4,5050786623
CRI,CR,Costa Rica,2012,-2411089980.96441,15434698895.2253,4977355124,944002955.6
CUB,CU,Cuba,2012,NA,NA,NA,NA
CUW,CW,Curacao,2012,-895046927.374302,2448042458.10055,NA,NA
CYM,KY,Cayman Islands,2012,NA,NA,NA,NA
DMA,DM,Dominica,2012,-85956586.5899504,216859313.206789,272668462.2,16806736.4
DOM,DO,Dominican Republic,2012,-3970570000,15754000000,11983223607.5,1073413722.9
ECU,EC,Ecuador,2012,-146438179.506798,26477836475.9913,10425065054.4,1715550120
GRD,GD,Grenada,2012,-119846808.265063,424049889.668677,472925070.9,14112636.4
GTM,GT,Guatemala,2012,-1847275530,11846977130,6305706744.6,548058891.9
GUY,GY,Guyana,2012,-366670137.84792,1764043752.10528,1215485285.1,132722680
HND,HN,Honduras,2012,-1580746021.60538,6729011824.58547,3677583447.1,131628175.1
HTI,HT,Haiti,2012,-431148219.822783,1400248115.80363,994297152.3,5312000
JAM,JM,Jamaica,2012,-1440188623.08856,4834621201.70428,7393048417.9,1097474229.8
KNA,KN,St. Kitts and Nevis,2012,-25800573.0379758,505423338.370442,NA,NA
LCA,LC,St. Lucia,2012,-160215505.274509,814786430.806712,347264557.9,43571159.6
MAF,MF,St. Martin (French part),2012,NA,NA,NA,NA
MEX,MX,Mexico,2012,-17695157349,405863295575,195901051347.2,37216356347
NIC,NI,Nicaragua,2012,-1234800000,5025100000,3075045671.5,91912571.4
PAN,PA,Panama,2012,-3735100000,32808000000,NA,NA
PER,PE,Peru,2012,-5534108830.84933,53103881917.5943,19967846430,2317684670.8
PRI,PR,Puerto Rico (US),2012,NA,NA,NA,NA
PRY,PY,Paraguay,2012,-605288481.17842,12740696215.9836,2267327850.5,301392135.7
SLV,SV,El Salvador,2012,-1239801102.68299,6188885212.23516,7884971834.6,862882541.6
SUR,SR,Suriname,2012,162371256.40544,2898933437.11544,NA,NA
SXM,SX,Sint Maarten (Dutch part),2012,92629050.2793296,1211522905.02793,NA,NA
TCA,TC,Turks and Caicos Islands,2012,NA,NA,NA,NA
TTO,TT,Trinidad and Tobago,2012,3866509698.43122,18519622995.5845,NA,NA
URY,UY,Uruguay,2012,-2036452488.3758,19699791279.2228,NA,NA
VCT,VC,St. Vincent and the Grenadines,2012,-184718343.75956,250269979.601633,268025639.4,36128285.2
VEN,VE,"Venezuela, RB",2012,2586000000,101810000000,NA,NA
VGB,VG,British Virgin Islands,2012,NA,NA,NA,NA
VIR,VI,Virgin Islands (U.S.),2012,NA,NA,NA,NA
ABW,AW,Aruba,2013,-322246518.293631,2196650239.63646,NA,NA
ARG,AR,Argentina,2013,-13124373785.8633,92034825145.1632,69886340560.7,7417613253.7
ATG,AG,Antigua and Barbuda,2013,-116386897.276612,920544306.21107,NA,NA
BHS,BS,"Bahamas, The",2013,-1493926000,3674164000,NA,NA
BLZ,BZ,Belize,2013,-72586237.4931022,1062177961.83546,1052738470.7,111057240.2
BOL,BO,Bolivia,2013,1053982417.12107,12923354978.0695,5281733923.8,284741935
BRA,BR,Brazil,2013,-88384030093.09,292208082966.39,136526966244,20873290096.9
BRB,BB,Barbados,2013,-252485397.907371,2640905236.59611,NA,NA
CHL,CL,Chile,2013,-13248567562.4967,96581240295.76,NA,NA
COL,CO,Colombia,2013,-12365127742.0201,72413166779.4332,53593713874,4294114393.2
CRI,CR,Costa Rica,2013,-2431168562.87704,16061176864.7872,7466508575.2,1379444031.1
CUB,CU,Cuba,2013,NA,NA,NA,NA
CUW,CW,Curacao,2013,-764134078.212291,2271424581.00559,NA,NA
CYM,KY,Cayman Islands,2013,NA,NA,NA,NA
DMA,DM,Dominica,2013,-93161520.4840363,231727846.64782,280436286.3,16884715.8
DOM,DO,Dominican Republic,2013,-2567900000,16390900000,14174662646.8,1415186684.4
ECU,EC,Ecuador,2013,-932905961.33437,27740769563.0333,12496285535,1849967059.6
GRD,GD,Grenada,2013,-143785249.661048,443399161.349654,495274709.2,22052662.9
GTM,GT,Guatemala,2013,-2238781140,12324223600,7059125977.6,871173016.4
GUY,GY,Guyana,2013,-456029798.39635,1593527417.74,1116456678.4,35170717.9
HND,HN,Honduras,2013,-1762523570.4364,6307037916.68476,5210164503.8,192438651.1
HTI,HT,Haiti,2013,-560837855.998654,1613471446.39919,1388077856.9,12794254.8
JAM,JM,Jamaica,2013,-1356845226.21027,4608260059.60377,7445800826.8,773707090.3
KNA,KN,St. Kitts and Nevis,2013,-25052228.4926336,564968213.966947,NA,NA
LCA,LC,St. Lucia,2013,-108432504.315317,864250185.456354,365742223.1,35123374.1
MAF,MF,St. Martin (French part),2013,NA,NA,NA,NA
MEX,MX,Mexico,2013,-31778421275,418966315480,220032999548.9,22466430550.4
NIC,NI,Nicaragua,2013,-1380400000,5014200000,3314825700.8,97779044.8
PAN,PA,Panama,2013,-4084000000,32352000000,NA,NA
PER,PE,Peru,2013,-9760437039.98893,49483391229.4752,17220533743.4,3799284016.6
PRI,PR,Puerto Rico (US),2013,NA,NA,NA,NA
PRY,PY,Paraguay,2013,334832978.123262,14801797966.9407,2703892754.5,276298775.6
SLV,SV,El Salvador,2013,-1518420127.22544,6611600026.26342,7867735679.5,836719501.6
SUR,SR,Suriname,2013,-196005679.931159,2616005808.73953,NA,NA
SXM,SX,Sint Maarten (Dutch part),2013,4317877.09497213,1286172625.69833,NA,NA
TCA,TC,Turks and Caicos Islands,2013,NA,NA,NA,NA
TTO,TT,Trinidad and Tobago,2013,5571337436.43064,19535115092.537,NA,NA
URY,UY,Uruguay,2013,-2016296046.75936,19944948178.4549,NA,NA
VCT,VC,St. Vincent and the Grenadines,2013,-189104798.830948,265078624.099024,292575512,32152199.1
VEN,VE,"Venezuela, RB",2013,4604000000,93188000000,NA,NA
VGB,VG,British Virgin Islands,2013,NA,NA,NA,NA
VIR,VI,Virgin Islands (U.S.),2013,NA,NA,NA,NA
ABW,AW,Aruba,2014,-130013879.725995,2343455994.28349,NA,NA
ARG,AR,Argentina,2014,-9179026266.87552,84398577454.3413,78859942930,10108412452.8
ATG,AG,Antigua and Barbuda,2014,-522482.281353385,1042475916.06066,NA,NA
BHS,BS,"Bahamas, The",2014,-1885283210.82194,3613851248.32,NA,NA
BLZ,BZ,Belize,2014,-135861423.197634,1091434215.44131,1101355305.1,74327322.7
BOL,BO,Bolivia,2014,566230700.557408,14100527390.7742,5744904672.7,370843990.2
BRA,BR,Brazil,2014,-110493241349.855,271261164001.545,174931295064.9,14893898118.7
BRB,BB,Barbados,2014,-645562541.15423,2415767927.26034,NA,NA
CHL,CL,Chile,2014,-8981588318.6732,92021745077.9579,NA,NA
COL,CO,Colombia,2014,-19818544018.1905,69838519052.4158,61615105366.8,5331720628.4
CRI,CR,Costa Rica,2014,-2453096344.75792,16906272222.578,8819402004.5,1142996964.8
CUB,CU,Cuba,2014,NA,NA,NA,NA
CUW,CW,Curacao,2014,-505815642.458101,2408731843.57542,NA,NA
CYM,KY,Cayman Islands,2014,NA,NA,NA,NA
DMA,DM,Dominica,2014,-35553050.5348086,283784341.327344,281789388.7,18740417.5
DOM,DO,Dominican Republic,2014,-2170200000,17504900000,15700688750.4,1799854090.1
ECU,EC,Ecuador,2014,-668742113.604319,29063481902.6025,17577640923.1,2031375539.8
GRD,GD,Grenada,2014,-82785457.1106607,493083699.258146,512968160.3,18039713.1
GTM,GT,Guatemala,2014,-1909306330,13044177970,6999860265.1,591189316.7
GUY,GY,Guyana,2014,-385182803.31344,1403035064.20964,1098254312.4,39475625.7
HND,HN,Honduras,2014,-1372124152.44885,6815499229.03553,5574046020.8,289986832.3
HTI,HT,Haiti,2014,-750652437.396936,1725657146.35795,1773020870.3,24020420
JAM,JM,Jamaica,2014,-1114354109.20479,4691935760.88598,7990349905.9,922174399.5
KNA,KN,St. Kitts and Nevis,2014,6648238.88888889,608903294.074074,NA,NA
LCA,LC,St. Lucia,2014,-42487306.4648378,945236489.491142,381421197.4,34520062.2
MAF,MF,St. Martin (French part),2014,NA,NA,NA,NA
MEX,MX,Mexico,2014,-24852042092,439418909132,247453037063.7,19278041319.2
NIC,NI,Nicaragua,2014,-953800000,5390600000,3584060642.7,118913507.3
PAN,PA,Panama,2014,-6677200000,30201500000,NA,NA
PER,PE,Peru,2014,-8766228541.04822,46195822668.7719,15904859703.8,1887187622.7
PRI,PR,Puerto Rico (US),2014,NA,NA,NA,NA
PRY,PY,Paraguay,2014,-317767951.65815,14424407854.4854,3722001227.4,273590892.3
SLV,SV,El Salvador,2014,-1213582707.5598,6732651568.22523,8695997364.6,874872410.4
SUR,SR,Suriname,2014,-416342200.813015,2373187131.10342,NA,NA
SXM,SX,Sint Maarten (Dutch part),2014,-110798882.681564,1300458100.55866,NA,NA
TCA,TC,Turks and Caicos Islands,2014,107853944.14625,628639629,NA,NA
TTO,TT,Trinidad and Tobago,2014,4154502754.98487,17007800876.1088,NA,NA
URY,UY,Uruguay,2014,-1838382524.26253,19840239125.0681,NA,NA
VCT,VC,St. Vincent and the Grenadines,2014,-194326004.715366,262426952.470786,318349538.4,29279737.2
VEN,VE,"Venezuela, RB",2014,4919000000,78620000000,NA,NA
VGB,VG,British Virgin Islands,2014,NA,NA,NA,NA
VIR,VI,Virgin Islands (U.S.),2014,NA,NA,NA,NA
ABW,AW,Aruba,2015,118342714.096141,2491434650.02178,NA,NA
ARG,AR,Argentina,2015,-17621985168.21,72381928419.362,83608702758.1,11510933755.5
ATG,AG,Antigua and Barbuda,2015,29237532.0456934,1038204296.24437,NA,NA
BHS,BS,"Bahamas, The",2015,-1203165342.8486,3460395303.195,NA,NA
BLZ,BZ,Belize,2015,-174735548.353243,1040919494.94431,1153490893.8,76991179.9
BOL,BO,Bolivia,2015,-1936209393.39835,10038518414.6954,6335483734.8,526512100.6
BRA,BR,Brazil,2015,-63408884124.215,225859784466.825,172887433044.3,28824791665.4
BRB,BB,Barbados,2015,-98732451.6807095,2638571003.60209,NA,NA
CHL,CL,Chile,2015,-6631182622.04014,77049347808.7,NA,NA
COL,CO,Colombia,2015,-18702227284.958,51601331124.7592,69098119174.8,4857907625.2
CRI,CR,Costa Rica,2015,-1921262983.44276,17464504666.7111,10146715170.4,1141253200.1
CUB,CU,Cuba,2015,NA,NA,NA,NA
CUW,CW,Curacao,2015,-519340782.122905,2120368715.0838,NA,NA
CYM,KY,Cayman Islands,2015,NA,NA,NA,NA
DMA,DM,Dominica,2015,-38297880.6834389,270281886.413432,285163451.7,21149889.1
DOM,DO,Dominican Republic,2015,-1280300000,17529100000,15814839514.3,3531440214.4
ECU,EC,Ecuador,2015,-2221086836.90412,21580392707.9732,20157478183.5,3172736383.9
GRD,GD,Grenada,2015,-105847392.109963,525193300.411224,537390185.9,22269003.3
GTM,GT,Guatemala,2015,-773787480,12872740020,7544216426,637951447.9
GUY,GY,Guyana,2015,-38822257.5949424,1366049614.8977,1031291976.7,45604825
HND,HN,Honduras,2015,-979945387.011726,6988414040.45133,5928636691,329600399.4
HTI,HT,Haiti,2015,-270775987.476313,1809600848.5599,1913774725.9,34916890.8
JAM,JM,Jamaica,2015,-430100945.993498,4625903185.86178,9642321014.4,1133753806
KNA,KN,St. Kitts and Nevis,2015,-77603787.4074074,556633160.740741,NA,NA
LCA,LC,St. Lucia,2015,-8626677.23370763,1004687935.95548,419832827.6,66099121.8
MAF,MF,St. Martin (French part),2015,NA,NA,NA,NA
MEX,MX,Mexico,2015,-31535662037,421227988288,259358343960.4,26184462074.1
NIC,NI,Nicaragua,2015,-1259500000,5150300000,3962270017.8,132736878.2
PAN,PA,Panama,2015,-4848400000,27860500000,NA,NA
PER,PE,Peru,2015,-8937405946.57168,41281892840.1353,19410853912.4,1717671528.3
PRI,PR,Puerto Rico (US),2015,NA,NA,NA,NA
PRY,PY,Paraguay,2015,-75840886.2788137,12802681197.3368,4023543555.8,317925011.1
SLV,SV,El Salvador,2015,-753757240.441218,7038574510.83568,8637802944.4,899602855.9
SUR,SR,Suriname,2015,-786434956.134396,1857655933.41128,822433070.1,52361134
SXM,SX,Sint Maarten (Dutch part),2015,18217877.0949722,1277765363.12849,NA,NA
TCA,TC,Turks and Caicos Islands,2015,153558244.844178,662373031.664429,NA,NA
TTO,TT,Trinidad and Tobago,2015,2057150517.16139,13390100431.8939,NA,NA
URY,UY,Uruguay,2015,-147093522.500827,17590270036.0618,NA,NA
VCT,VC,St. Vincent and the Grenadines,2015,-122555442.979288,290507543.496992,329260557.6,32297410.5
VEN,VE,"Venezuela, RB",2015,-16051000000,39718000000,NA,NA
VGB,VG,British Virgin Islands,2015,NA,NA,NA,NA
VIR,VI,Virgin Islands (U.S.),2015,NA,NA,NA,NA
ABW,AW,Aruba,2016,141178986.061164,2396782064.42107,NA,NA
ARG,AR,Argentina,2016,-15104786524.5601,74209111524.7498,116682062146.7,18376036820.3
ATG,AG,Antigua and Barbuda,2016,-35565937.3786204,1062220492.1032,NA,NA
BHS,BS,"Bahamas, The",2016,-710785521.587225,3926984118.96,NA,NA
BLZ,BZ,Belize,2016,-163456303.425737,975774627.331241,1176748499.2,84835163.3
BOL,BO,Bolivia,2016,-1907244254.76485,8412909193.50527,7010094456.4,465022234
BRA,BR,Brazil,2016,-30528825466.82,230134935822.81,174682574897.5,24520255935.9
BRB,BB,Barbados,2016,-452390305.208517,2667550594.27414,NA,NA
CHL,CL,Chile,2016,-6534477429.84874,76520070964.4314,NA,NA
COL,CO,Colombia,2016,-12586559420.1664,47762824176.3078,73350617666,5842781059.8
CRI,CR,Costa Rica,2016,-1257276124.25589,19009158600.1027,11053717983.2,1044177589.8
CUB,CU,Cuba,2016,NA,NA,NA,NA
CUW,CW,Curacao,2016,-585240223.463687,1926184357.5419,NA,NA
CYM,KY,Cayman Islands,2016,-706577023.5098,5858607315.55554,NA,NA
DMA,DM,Dominica,2016,-51790962.1357644,274089308.332895,267117680.4,25347652.7
DOM,DO,Dominican Republic,2016,-814700000.000002,18627500000,17185623100.5,1783270846.7
ECU,EC,Ecuador,2016,900414210.678715,20280546271.6682,25579817021.2,3058163860.7
GRD,GD,Grenada,2016,-93950690.1349293,538694610.199378,551403004.5,46801638.6
GTM,GT,Guatemala,2016,637267670,13087241950,8147604566.3,705256987.1
GUY,GY,Guyana,2016,151168009.160277,1728834270.45503,1049038422.2,49702078
HND,HN,Honduras,2016,-682674236.402166,6816998306.48433,6091632124.2,396214353.2
HTI,HT,Haiti,2016,-237890082.251752,1712783001.85733,1946623589.8,86330539.2
JAM,JM,Jamaica,2016,-43463029.5942507,4713770105.33366,9500793571.8,1744548583.1
KNA,KN,St. Kitts and Nevis,2016,-121635362.222222,529862984.074074,NA,NA
LCA,LC,St. Lucia,2016,-118432131.515927,945878117.315403,432378296.8,44287819.1
MAF,MF,St. Martin (French part),2016,NA,NA,NA,NA
MEX,MX,Mexico,2016,-25282312906.9999,416469674967,269135653308.8,40791424242.6
NIC,NI,Nicaragua,2016,-1127100000,5225500000,4218363387.9,163293922.7
PAN,PA,Panama,2016,-4507669582.52,27096769135.95,NA,NA
PER,PE,Peru,2016,-4402706757.82691,44148309825.5586,19733463383.9,1856126634
PRI,PR,Puerto Rico (US),2016,NA,NA,NA,NA
PRY,PY,Paraguay,2016,1662135045.33638,13735983773.0429,4828422638.6,410642725.2
SLV,SV,El Salvador,2016,-550121068.988996,7004149337.11535,8726575051.1,969631503.1
SUR,SR,Suriname,2016,-160481931.001719,1626978220.57684,1528967649.1,147648004.8
SXM,SX,Sint Maarten (Dutch part),2016,-26581005.5865922,1236810055.86592,NA,NA
TCA,TC,Turks and Caicos Islands,2016,247081152.355792,747401629.180792,NA,NA
TTO,TT,Trinidad and Tobago,2016,-776382745.56016,9901807635.91753,NA,NA
URY,UY,Uruguay,2016,474252220.704412,16528713141.1475,NA,NA
VCT,VC,St. Vincent and the Grenadines,2016,-106538451.148906,309323596.202734,314486454.5,39913797.3
VEN,VE,"Venezuela, RB",2016,-3870000000,29291000000,NA,NA
VGB,VG,British Virgin Islands,2016,NA,NA,NA,NA
VIR,VI,Virgin Islands (U.S.),2016,NA,NA,NA,NA
ABW,AW,Aruba,2017,34628879.7929171,2363942202.89063,NA,NA
ARG,AR,Argentina,2017,-31151351750.7624,78184715522.5849,139004914700.9,30254108650.6
ATG,AG,Antigua and Barbuda,2017,-118135621.681583,1005562776.01381,NA,NA
BHS,BS,"Bahamas, The",2017,-1574646043.89026,3810619827.1375,NA,NA
BLZ,BZ,Belize,2017,-158035030.343706,1037843639.36687,1230933304.1,85989850.2
BOL,BO,Bolivia,2017,-1898241784.31148,9769881367.7388,9150676176.4,581291313.2
BRA,BR,Brazil,2017,-25263598550.21,274488329345.09,181160747497.2,29913426352.4
BRB,BB,Barbados,2017,-296395806.963393,2301068745.29169,NA,NA
CHL,CL,Chile,2017,-7615781652.98866,86534305218.3285,NA,NA
COL,CO,Colombia,2017,-9924358408.23202,54898258556.1804,74560837848,10258043901.7
CRI,CR,Costa Rica,2017,-2188723947.64844,19792601955.2307,11037437508.6,1122673046.6
CUB,CU,Cuba,2017,NA,NA,NA,NA
CUW,CW,Curacao,2017,-679733543.96648,1951212210.55307,NA,NA
CYM,KY,Cayman Islands,2017,-871502935.154563,6406715731.30468,NA,NA
DMA,DM,Dominica,2017,-57518337.0548581,224001996.4497,264476043.5,27504494
DOM,DO,Dominican Republic,2017,-133099999.999999,19450800000,18513928696.2,1523551845
ECU,EC,Ecuador,2017,-405742374.218937,22671723719.4628,31626907607.8,4657573762.9
GRD,GD,Grenada,2017,-129043266.423764,595604792.76137,494989798.5,54605186.8
GTM,GT,Guatemala,2017,857080020,14023329400,8365983490.9,833218888.7
GUY,GY,Guyana,2017,-121573467.607157,1703169571.759,1134865762.8,57736252.4
HND,HN,Honduras,2017,-288253383.027148,7461531974.24573,7134370224.6,421888972.9
HTI,HT,Haiti,2017,-324888947.73136,1741807442.29919,1954370459.7,10401570
JAM,JM,Jamaica,2017,-397483327.876626,5185784026.35539,9923560350.7,1241452138.3
KNA,KN,St. Kitts and Nevis,2017,-108374908.518518,534889742.222222,NA,NA
LCA,LC,St. Lucia,2017,-38140005.0728293,1072511268.17116,489564714.2,42415404.9
MAF,MF,St. Martin (French part),2017,NA,NA,NA,NA
MEX,MX,Mexico,2017,-21402776864,458557427239,289216351399.9,36346938241.5
NIC,NI,Nicaragua,2017,-987100000,5790800000,4709922900.7,205334848
PAN,PA,Panama,2017,-3745444920.75,29298735881.41,NA,NA
PER,PE,Peru,2017,-2011075025.41584,53205089658.1422,18977870196.9,4714606555.4
PRI,PR,Puerto Rico (US),2017,NA,NA,NA,NA
PRY,PY,Paraguay,2017,1311372230.12314,15389559394.624,5608406766.2,419749391.6
SLV,SV,El Salvador,2017,-464589787.317367,7388273026.80877,9501692611.9,981859566.4
SUR,SR,Suriname,2017,69158192.6904767,2170856948.12614,1684169615,132380728.4
SXM,SX,Sint Maarten (Dutch part),2017,47107300.0726257,990800668.497206,NA,NA
TCA,TC,Turks and Caicos Islands,2017,35015932.7030475,613870642.128048,NA,NA
TTO,TT,Trinidad and Tobago,2017,1409192175.56156,11053460485.0538,NA,NA
URY,UY,Uruguay,2017,7362693.3973668,18411575516.3939,NA,NA
VCT,VC,St. Vincent and the Grenadines,2017,-100395869.30521,300634397.53,316859688.8,38745871.2
VEN,VE,"Venezuela, RB",2017,NA,NA,NA,NA
VGB,VG,British Virgin Islands,2017,NA,NA,NA,NA
VIR,VI,Virgin Islands (U.S.),2017,NA,NA,NA,NA
ABW,AW,Aruba,2018,-19374275.5327724,2620034124.06326,NA,NA
ARG,AR,Argentina,2018,-27083606451.057,83420042594.2392,154502744668.4,26782796259.9
ATG,AG,Antigua and Barbuda,2018,-232510569.189999,1059669245.17174,NA,NA
BHS,BS,"Bahamas, The",2018,-1115273820.73726,4793336461.7215,NA,NA
BLZ,BZ,Belize,2018,-150794400.020129,1080804896.50472,1259676958.3,85564954.5
BOL,BO,Bolivia,2018,-1724978180.94975,10580229224.4761,9905105772.1,675765479
BRA,BR,Brazil,2018,-53818304220.985,286785964483.165,190216062033.1,34112182990
BRB,BB,Barbados,2018,NA,NA,NA,NA
CHL,CL,Chile,2018,-13265293208.1116,94059123737.4976,NA,NA
COL,CO,Colombia,2018,-14040948614.9478,59901235648.7603,74967299739.7,10319951442.7
CRI,CR,Costa Rica,2018,-1867318664.49117,22026859927.2891,11940622199.8,1584222393.4
CUB,CU,Cuba,2018,NA,NA,NA,NA
CUW,CW,Curacao,2018,-812735461.022346,2106105333.39665,NA,NA
CYM,KY,Cayman Islands,2018,-927543580.291072,8218446811.52445,NA,NA
DMA,DM,Dominica,2018,-258814062.518553,159602235.068323,247802271.4,27142075.7
DOM,DO,Dominican Republic,2018,-1321500000,20671000000,21375007211.7,1720196251.9
ECU,EC,Ecuador,2018,-1648692676.85819,25687334696.631,35494363943,5440658576.1
GRD,GD,Grenada,2018,-148822719.277021,637988794.730162,522652337.1,51227919.2
GTM,GT,Guatemala,2018,649564060,14254407310,8428248655.7,609342356.5
GUY,GY,Guyana,2018,-1277212815.38983,1611184263.39026,1204694237.4,77003683.6
HND,HN,Honduras,2018,-1581815976.61268,7355936904.49483,7360693582.3,523477589.6
HTI,HT,Haiti,2018,-474103893.100527,1849901169.25662,2018856761.4,8435648
JAM,JM,Jamaica,2018,-234826389.838443,6148093586.68137,9753041430.9,1046936339.1
KNA,KN,St. Kitts and Nevis,2018,-62932868.1481481,628907613.703704,NA,NA
LCA,LC,St. Lucia,2018,30345435.8493787,1168653471.65163,499543992.6,44030933.7
MAF,MF,St. Martin (French part),2018,NA,NA,NA,NA
MEX,MX,Mexico,2018,-25931803949,504835663848,297826792417.4,30949664314.5
NIC,NI,Nicaragua,2018,-234100000,5650800000,5107768264,228791175.1
PAN,PA,Panama,2018,-5307360500.52,30557095160.17,NA,NA
PER,PE,Peru,2018,-2845918677.62775,57418511344.4847,18144898363.1,2244532500.1
PRI,PR,Puerto Rico (US),2018,NA,NA,NA,NA
PRY,PY,Paraguay,2018,-90216117.4877583,15536543066.2635,6401419046.8,462197420.1
SLV,SV,El Salvador,2018,-859154620.811878,7789397195.01736,9467349089.4,1025149505.4
SUR,SR,Suriname,2018,-118713252.116966,2271303420.15802,1717227088.5,179833904.5
SXM,SX,Sint Maarten (Dutch part),2018,74672509.5921788,827635964.726256,NA,NA
TCA,TC,Turks and Caicos Islands,2018,172709259.039158,845122100.744874,NA,NA
TTO,TT,Trinidad and Tobago,2018,1625843495.7276,12133611436.4608,NA,NA
URY,UY,Uruguay,2018,-300445674.8092,18909309067.4163,NA,NA
VCT,VC,St. Vincent and the Grenadines,2018,-91119523.1912996,329139569.757137,301000426.9,43506759.9
VEN,VE,"Venezuela, RB",2018,NA,NA,NA,NA
VGB,VG,British Virgin Islands,2018,NA,NA,NA,NA
VIR,VI,Virgin Islands (U.S.),2018,NA,NA,NA,NA
ABW,AW,Aruba,2019,84796821.7557427,2651804815.03524,NA,NA
ARG,AR,Argentina,2019,-3492479581.08422,86292608863.2293,139989023011.1,28409429886.1
ATG,AG,Antigua and Barbuda,2019,-112310361.111111,1228208032.59259,NA,NA
BHS,BS,"Bahamas, The",2019,-345480921.341999,5197101268.3375,NA,NA
BLZ,BZ,Belize,2019,-184645704.683613,1112434207.67151,1285430805.7,93681434.5
BOL,BO,Bolivia,2019,-1366094867.23348,10414108244.345,10999855991.6,783011401.1
BRA,BR,Brazil,2019,-65001149018.105,283954854008.195,193800230034.2,41889995960.7
BRB,BB,Barbados,2019,NA,NA,NA,NA
CHL,CL,Chile,2019,-14505468953.6712,88381490820.1264,NA,NA
COL,CO,Colombia,2019,-14808662077.6065,58301142209.5253,75169564282.2,8461483406.5
CRI,CR,Costa Rica,2019,-766617334.138445,23313724811.5655,13392671391.8,1747385978.4
CUB,CU,Cuba,2019,NA,NA,NA,NA
CUW,CW,Curacao,2019,-540730927.620112,1964994504.69833,NA,NA
CYM,KY,Cayman Islands,2019,-646842638.4768,8517734446.14358,NA,NA
DMA,DM,Dominica,2019,-233190596.666667,218818621.111111,250665100.9,25160619.7
DOM,DO,Dominican Republic,2019,-1187900000,21175100000,23006434523.9,1974218436.2
ECU,EC,Ecuador,2019,-548796952.442974,26214520358.5724,38404335119.2,6302129694.3
GRD,GD,Grenada,2019,-125331337.407407,683485304.814815,496465794.4,51676960.1
GTM,GT,Guatemala,2019,1821490950,14607576600,9343020268.6,802503267.1
GUY,GY,Guyana,2019,-2954579481.70197,1859472815.14262,1255112719.8,77051511.2
HND,HN,Honduras,2019,-660874046.634072,7428329776.20281,7762166739.1,581121851.3
HTI,HT,Haiti,2019,-168578535.660184,1803660738.45315,2012362124.8,9570000
JAM,JM,Jamaica,2019,-302634573.942249,6411024352.72668,9401176404.3,1961942770.8
KNA,KN,St. Kitts and Nevis,2019,-53012177.4074074,599927534.074074,NA,NA
LCA,LC,St. Lucia,2019,69684110,1260992685.18519,542230526.3,45899546.1
MAF,MF,St. Martin (French part),2019,NA,NA,NA,NA
MEX,MX,Mexico,2019,-3871166263.00003,520017063195,307412597562.1,42292182220.3
NIC,NI,Nicaragua,2019,754100000,5807400000,5427522479.9,295389213.7
PAN,PA,Panama,2019,-3589766445.50619,30417468191.5934,NA,NA
PER,PE,Peru,2019,-1658017990.16592,57098664267.8872,18606069830.2,2334533114.4
PRI,PR,Puerto Rico (US),2019,NA,NA,NA,NA
PRY,PY,Paraguay,2019,-212293234.380503,14549727021.0833,7186883683.8,536953499.3
SLV,SV,El Salvador,2019,-113356041.21432,8300331326.17728,9826484381.4,1862511969.3
SUR,SR,Suriname,2019,-448255079.39987,2307846088.9845,1987279205,182459237.9
SXM,SX,Sint Maarten (Dutch part),2019,-165038998.50838,1110706437.73184,NA,NA
TCA,TC,Turks and Caicos Islands,2019,NA,NA,NA,NA
TTO,TT,Trinidad and Tobago,2019,1020143949.47697,10184163545.118,NA,NA
URY,UY,Uruguay,2019,803146045.338993,18964251344.1373,NA,NA
VCT,VC,St. Vincent and the Grenadines,2019,-21743694.8148148,338309680.740741,321705818.8,42835818.3
VEN,VE,"Venezuela, RB",2019,NA,NA,NA,NA
VGB,VG,British Virgin Islands,2019,NA,NA,NA,NA
VIR,VI,Virgin Islands (U.S.),2019,NA,NA,NA,NA
ABW,AW,Aruba,2020,-316455499.952177,1521367981.31053,NA,NA
ARG,AR,Argentina,2020,2688362005.52313,68242519024.592,137952006208.7,10684151070.1
ATG,AG,Antigua and Barbuda,2020,-219740880.37037,609022751.851852,NA,NA
BHS,BS,"Bahamas, The",2020,-2284500180.12589,1723965604.73672,NA,NA
BLZ,BZ,Belize,2020,-127919787.239218,722213182.639031,1409784247.8,75443093.9
BOL,BO,Bolivia,2020,-15915747.1054326,7553434487.583,11877490891.3,821098169.1
BRA,BR,Brazil,2020,-24913561503.085,258302396997.915,194328818495.8,30933515593
BRB,BB,Barbados,2020,NA,NA,NA,NA
CHL,CL,Chile,2020,-4952326391.70704,84473720755.6964,NA,NA
COL,CO,Colombia,2020,-9266809779.5969,42766250132.3001,85599410734,7069070987
CRI,CR,Costa Rica,2020,-652121448.788392,20320702084.2318,12138202668.7,2123996386.8
CUB,CU,Cuba,2020,NA,NA,NA,NA
CUW,CW,Curacao,2020,-688805316.681564,1179778091.68156,NA,NA
CYM,KY,Cayman Islands,2020,-924446497.391179,6135955599.97266,NA,NA
DMA,DM,Dominica,2020,-186374562.592593,113254338.888889,279358879.4,27016829
DOM,DO,Dominican Republic,2020,-1329200000,15402100000,29856238518.6,4204345105.4
ECU,EC,Ecuador,2020,2004930538.60884,22643887476.5998,37785250299.2,4985329752.6
GRD,GD,Grenada,2020,-168051829.259259,448367801.851852,520735115,44819800.2
GTM,GT,Guatemala,2020,3918080170,13723657630,10561338934.3,1029816938.2
GUY,GY,Guyana,2020,-635190868.664477,2857070215.73596,1271288178.3,76453687.6
HND,HN,Honduras,2020,665854481.879486,6392673893.63798,8598087365.2,1124024906.3
HTI,HT,Haiti,2020,51548074.9276736,1068525811.19035,2027196996.2,9744000
JAM,JM,Jamaica,2020,-156909555.117404,3594849594.96106,9154851514.9,1073526109.4
KNA,KN,St. Kitts and Nevis,2020,-95799856.2962963,381770472.592593,NA,NA
LCA,LC,St. Lucia,2020,-283956791.111111,509543549.259259,603629804.8,42350370.1
MAF,MF,St. Martin (French part),2020,NA,NA,NA,NA
MEX,MX,Mexico,2020,26870887483,455085304859,309061251393.4,41963401342.8
NIC,NI,Nicaragua,2020,480200000,5392200000,5903257655,347166776.4
PAN,PA,Panama,2020,122856978.309997,21228909802.58,NA,NA
PER,PE,Peru,2020,1573601097.84447,47135624573.9771,28027003838.3,1209102091.3
PRI,PR,Puerto Rico (US),2020,NA,NA,NA,NA
PRY,PY,Paraguay,2020,672872605.183443,12466682161.6561,10261750692.7,576333956.7
SLV,SV,El Salvador,2020,276701043.320671,6288341535.72711,10797093474.2,1045327857
SUR,SR,Suriname,2020,259846201.309707,2454058552.25139,2058924445.1,100010739.6
SXM,SX,Sint Maarten (Dutch part),2020,-290458249.938547,542210265.854749,NA,NA
TCA,TC,Turks and Caicos Islands,2020,NA,NA,NA,NA
TTO,TT,Trinidad and Tobago,2020,-1356410678.48628,6960380710.57087,NA,NA
URY,UY,Uruguay,2020,-343473186.686481,14811418446.8516,NA,NA
VCT,VC,St. Vincent and the Grenadines,2020,-137416102.592593,191462918.518519,364454076.8,39263425.4
VEN,VE,"Venezuela, RB",2020,NA,NA,NA,NA
VGB,VG,British Virgin Islands,2020,NA,NA,NA,NA
VIR,VI,Virgin Islands (U.S.),2020,NA,NA,NA,NA
ABW,AW,Aruba,2021,79257066.7080489,2268562458.00657,NA,NA
ARG,AR,Argentina,2021,6624785192.348,90120185274.9797,135203619797.3,5762350016.7
ATG,AG,Antigua and Barbuda,2021,-284882209.62963,719204596.666667,NA,NA
BHS,BS,"Bahamas, The",2021,-2433986886.6493,3361989558.10148,NA,NA
BLZ,BZ,Belize,2021,-157868365.156558,1049258630.41594,1277828825.9,613267653.7
BOL,BO,Bolivia,2021,1591562617.75109,11669457870.5899,12772869255.9,801192771.4
BRA,BR,Brazil,2021,-40409045956.51,346548532136.93,194185840091,28908424409
BRB,BB,Barbados,2021,NA,NA,NA,NA
CHL,CL,Chile,2021,-22962267945.5466,110882099819.844,NA,NA
COL,CO,Colombia,2021,-17949402964.3142,56845712656.8541,93978526528.4,13341158920.6
CRI,CR,Costa Rica,2021,-2063109436.41328,23880359538.0637,12260458442.1,1497277517.7
CUB,CU,Cuba,2021,NA,NA,NA,NA
CUW,CW,Curacao,2021,-508758155.424581,1536790400.70391,NA,NA
CYM,KY,Cayman Islands,2021,-794205258.681129,6776308369.27918,NA,NA
DMA,DM,Dominica,2021,-186100949.62963,126410027.407407,314787942.7,18295432.1
DOM,DO,Dominican Republic,2021,-2685300000,21180300000,32506506083.1,2216651648.6
ECU,EC,Ecuador,2021,3040850785.83351,29414348533.2953,38752716652.3,3109581977.9
GRD,GD,Grenada,2021,-161369390.37037,555344943.703704,556410980.6,46435721.1
GTM,GT,Guatemala,2021,1873410490,16256148540,11210232571.5,858184951.5
GUY,GY,Guyana,2021,-1359602484.51264,4661406673.54308,1342405760.3,79447781.9
HND,HN,Honduras,2021,-1537902787.3704,8183613830.95023,8640998582.9,543863367.6
HTI,HT,Haiti,2021,87655854.7493429,1314056061.66631,2098637113,14428025.3
JAM,JM,Jamaica,2021,149262141.440836,4781138536.06769,9002943033.1,1042692616.2
KNA,KN,St. Kitts and Nevis,2021,-28781992.962963,423765382.962963,NA,NA
LCA,LC,St. Lucia,2021,-210924359.259259,751650887.037037,721654654.2,43643789.3
MAF,MF,St. Martin (French part),2021,NA,NA,NA,NA
MEX,MX,Mexico,2021,-4562555873.00001,547584739245,290868145434.2,52018279654
NIC,NI,Nicaragua,2021,-391178858.14,6646421141.86,6407474833.4,368977830.1
PAN,PA,Panama,2021,-832295514.27,28657472116.57,NA,NA
PER,PE,Peru,2021,-5090427868.10902,67313176752.6468,40203652349,1504883050.3
PRI,PR,Puerto Rico (US),2021,NA,NA,NA,NA
PRY,PY,Paraguay,2021,-429524805.246864,14951754334.1063,11353665775,917640764.7
SLV,SV,El Salvador,2021,-1250461217.92478,8540513327.28316,11560019700,1108912729
SUR,SR,Suriname,2021,176182486.483146,2306185209.1502,2030753188.9,90741296.5
SXM,SX,Sint Maarten (Dutch part),2021,-311462825.977654,803099321.620111,NA,NA
TCA,TC,Turks and Caicos Islands,2021,NA,NA,NA,NA
TTO,TT,Trinidad and Tobago,2021,2629308365.0361,12208900314.8718,NA,NA
URY,UY,Uruguay,2021,-1478092519.73163,21103405776.1248,NA,NA
VCT,VC,St. Vincent and the Grenadines,2021,-206271908.518519,146398952.592593,449040632.6,30813856.1
VEN,VE,"Venezuela, RB",2021,NA,NA,NA,NA
VGB,VG,British Virgin Islands,2021,NA,NA,NA,NA
VIR,VI,Virgin Islands (U.S.),2021,NA,NA,NA,NA
ABW,AW,Aruba,2022,230555794.451357,2956071608.91972,NA,NA
ARG,AR,Argentina,2022,-3964074915.28095,107010965951.78,127935776328.3,9605939910.1
ATG,AG,Antigua and Barbuda,2022,-291674218.888889,1127276171.11111,NA,NA
BHS,BS,"Bahamas, The",2022,-1232592723.38675,5470918500.17439,NA,NA
BLZ,BZ,Belize,2022,-235565536.314672,1379756951.78337,1302298198.6,71691536.4
BOL,BO,Bolivia,2022,1154275493.20958,14778523713.4212,13371906744.4,1809359632.5
BRA,BR,Brazil,2022,-42156805881.37,420505075020.24,190557663805.8,30897291795.3
BRB,BB,Barbados,2022,NA,NA,NA,NA
CHL,CL,Chile,2022,-26656488969,120921851414.372,NA,NA
COL,CO,Colombia,2022,-20878689889.8262,80492522503.7104,97649912839.5,8805772523.7
CRI,CR,Costa Rica,2022,-2272159757.64193,29815044117.9964,13724936720.8,1159080598.2
CUB,CU,Cuba,2022,NA,NA,NA,NA
CUW,CW,Curacao,2022,-822666741.608939,2247926155.70392,NA,NA
CYM,KY,Cayman Islands,2022,-749481755.123671,9155882448.93724,NA,NA
DMA,DM,Dominica,2022,-163745902.96296301,181931200.37037,338958100.8,28767093.1
DOM,DO,Dominican Republic,2022,-6548900000,26096900000,35559373697.9,3161695003.6
ECU,EC,Ecuador,2022,2249465011.9866,36905010629.1203,39483140087.6,3233939059.5
GRD,GD,Grenada,2022,-148444753.703704,728297232.962963,565772095.6,46873528.2
GTM,GT,Guatemala,2022,1116080250,19570814930,11201346827.9,1564787251.4
GUY,GY,Guyana,2022,4241953928.09091,11605829568.2006,1519772847.2,83723686.7
HND,HN,Honduras,2022,-2156562609.24287,9771344488.63045,9012829833.2,700557777.8
HTI,HT,Haiti,2022,-491953761.239117,1396526579.45364,2111176714.1,30224000
JAM,JM,Jamaica,2022,-136400572.466107,6880032059.13908,8742451140.9,1084900179.5
KNA,KN,St. Kitts and Nevis,2022,-111685260.37037,569579005.185185,NA,NA
LCA,LC,St. Lucia,2022,-83441684.0740741,1329571213.7037,736649842.2,48742894.1
MAF,MF,St. Martin (French part),2022,NA,NA,NA,NA
MEX,MX,Mexico,2022,-18920244497,648910772159,289397438410.8,24523329302.4
NIC,NI,Nicaragua,2022,-459600000.000001,7991100000,6718853818.6,428351815.9
PAN,PA,Panama,2022,28768836.0799966,37805419879.69,NA,NA
PER,PE,Peru,2022,-9972176721.30976,73784706696.8947,41443404490.8,2263761129.7
PRI,PR,Puerto Rico (US),2022,NA,NA,NA,NA
PRY,PY,Paraguay,2022,-2948370734.46014,15150239652.2091,12882696648.3,989672511.8
SLV,SV,El Salvador,2022,-2143721476.51707,10489934310.1498,12003752507.9,1783843958.1
SUR,SR,Suriname,2022,76320585.5991956,2611873388.15846,2208749595,89216443.7
SXM,SX,Sint Maarten (Dutch part),2022,-56983757.150838,1390227569.55308,NA,NA
TCA,TC,Turks and Caicos Islands,2022,NA,NA,NA,NA
TTO,TT,Trinidad and Tobago,2022,4966942394.90843,18475370352.1898,NA,NA
URY,UY,Uruguay,2022,-2675119312.33456,25064610508.4839,NA,NA
VCT,VC,St. Vincent and the Grenadines,2022,-199727154.074074,286755032.962963,500646974.4,33675075.9
VEN,VE,"Venezuela, RB",2022,NA,NA,NA,NA
VGB,VG,British Virgin Islands,2022,NA,NA,NA,NA
VIR,VI,Virgin Islands (U.S.),2022,NA,NA,NA,NA
ABW,AW,Aruba,2023,194498402.118932,3297317613.73809,NA,NA
ARG,AR,Argentina,2023,-20751251605.5503,89878953843.7827,126389609250,10070862843.7
ATG,AG,Antigua and Barbuda,2023,-271047196.666667,1207265224.81482,NA,NA
BHS,BS,"Bahamas, The",2023,-1069096758.91436,6100724907.81113,NA,NA
BLZ,BZ,Belize,2023,-19761053.4643888,1556849085.6301,1347047703.5,106435597.5
BOL,BO,Bolivia,2023,-1144743558.67147,12010884866.8815,13660338071.8,1493030620.3
BRA,BR,Brazil,2023,-27932782286.755,420765878634.145,190753737192.1,31508445394.1
BRB,BB,Barbados,2023,NA,NA,NA,NA
CHL,CL,Chile,2023,-10497100010.32,115870023865.332,NA,NA
COL,CO,Colombia,2023,-8295922815.94892,77642954048.458,103450019697.5,13580747045.1
CRI,CR,Costa Rica,2023,-1239207194.14565,34715133856.3778,15082915113.9,2536700506.8
CUB,CU,Cuba,2023,NA,NA,NA,NA
CUW,CW,Curacao,2023,-654687752.837989,2268842104.81005,NA,NA
CYM,KY,Cayman Islands,2023,-712684310.008929,8656534888.58337,NA,NA
DMA,DM,Dominica,2023,-223632291.851852,197234141.481481,364023160.5,30716663.1
DOM,DO,Dominican Republic,2023,-4418400000,27215700000,38277356605.7,4184113009.3
ECU,EC,Ecuador,2023,2350740460.31325,36113393431.2695,39657985905.1,3352498416.1
GRD,GD,Grenada,2023,-243473318.888889,852457285.185185,605738922.4,47462148.8
GTM,GT,Guatemala,2023,3212064530,19278518290,12553659265.1,957282232.5
GUY,GY,Guyana,2023,2352049079.1935,13842794418.3586,1725929085.5,98453840.9
HND,HN,Honduras,2023,-1367804425.14356,10314012183.0173,8816902401.8,866544296.3
HTI,HT,Haiti,2023,-682569657.576365,1146529065.45875,2079103488.3,40455000
JAM,JM,Jamaica,2023,568932066.224193,7830768766.47904,8357514391.3,1399712171.6
KNA,KN,St. Kitts and Nevis,2023,-122386461.851852,618087987.407407,NA,NA
LCA,LC,St. Lucia,2023,-38069265.5555556,1468806003.7037,930117382,61952434.2
MAF,MF,St. Martin (French part),2023,NA,NA,NA,NA
MEX,MX,Mexico,2023,-12595251991,671419161595,301047797835.6,27058380539.3
NIC,NI,Nicaragua,2023,1465400000,8576200000,7081339764.2,584899834.7
PAN,PA,Panama,2023,-2581001339.45,41514933176.44,NA,NA
PER,PE,Peru,2023,881934132.077678,77687760986.9662,40905934689,4577727957.3
PRI,PR,Puerto Rico (US),2023,NA,NA,NA,NA
PRY,PY,Paraguay,2023,-176597184.844864,18952025735.014,13882627576.7,1253337430.7
SLV,SV,El Salvador,2023,-367830781.334077,11072023132.216,12509702260.7,1905893723.9
SUR,SR,Suriname,2023,148117620.924933,2580050879.27327,2402986026.8,150004912.4
SXM,SX,Sint Maarten (Dutch part),2023,-116692860.01676,1521902602.46928,NA,NA
TCA,TC,Turks and Caicos Islands,2023,NA,NA,NA,NA
TTO,TT,Trinidad and Tobago,2023,2948497606.92249,12759408254.174,NA,NA
URY,UY,Uruguay,2023,-2653989875.75282,24162638946.2415,NA,NA
VCT,VC,St. Vincent and the Grenadines,2023,-180430401.851852,356370635.555556,575628523.2,36666665.7
VEN,VE,"Venezuela, RB",2023,NA,NA,NA,NA
VGB,VG,British Virgin Islands,2023,NA,NA,NA,NA
VIR,VI,Virgin Islands (U.S.),2023,NA,NA,NA,NA
ABW,AW,Aruba,2024,NA,NA,NA,NA
ARG,AR,Argentina,2024,5701359456.362,103218960341.854,NA,NA
ATG,AG,Antigua and Barbuda,2024,-181365884.074074,1337916381.85185,NA,NA
BHS,BS,"Bahamas, The",2024,-1052660800.08814,6871675631.52625,NA,NA
BLZ,BZ,Belize,2024,-51664979.2912711,1661971433.44838,NA,NA
BOL,BO,Bolivia,2024,-1437803315.61091,10316345277.6547,NA,NA
BRA,BR,Brazil,2024,-57890248184.22,426686329056.19,NA,NA
BRB,BB,Barbados,2024,NA,NA,NA,NA
CHL,CL,Chile,2024,-4852716810.5,123237056033.009,NA,NA
COL,CO,Colombia,2024,-7225407522.08529,78691765073.1552,NA,NA
CRI,CR,Costa Rica,2024,-1290723121.87475,38023309976.0884,NA,NA
CUB,CU,Cuba,2024,NA,NA,NA,NA
CUW,CW,Curacao,2024,NA,NA,NA,NA
CYM,KY,Cayman Islands,2024,NA,NA,NA,NA
DMA,DM,Dominica,2024,-160119799.62963,224162694.074074,NA,NA
DOM,DO,Dominican Republic,2024,-4167200000,29991300000,NA,NA
ECU,EC,Ecuador,2024,7067875776.32439,38855138005.265,NA,NA
GRD,GD,Grenada,2024,-270770770.37037,891186074.814815,NA,NA
GTM,GT,Guatemala,2024,3332714410,20466081420,NA,NA
GUY,GY,Guyana,2024,NA,NA,NA,NA
HND,HN,Honduras,2024,-1710120655.55824,9866661867.83361,NA,NA
HTI,HT,Haiti,2024,NA,NA,NA,NA
JAM,JM,Jamaica,2024,678808379.251764,7694046788.84952,NA,NA
KNA,KN,St. Kitts and Nevis,2024,-169220833.703704,549672866.666667,NA,NA
LCA,LC,St. Lucia,2024,-64121335.1851852,1656968672.59259,NA,NA
MAF,MF,St. Martin (French part),2024,NA,NA,NA,NA
MEX,MX,Mexico,2024,-16740199412.9999,703901048435,NA,NA
NIC,NI,Nicaragua,2024,817618290.04,8512018290.04,NA,NA
PAN,PA,Panama,2024,1672221431.18,41635517245.49,NA,NA
PER,PE,Peru,2024,6389979049.98575,88994639936.0988,NA,NA
PRI,PR,Puerto Rico (US),2024,NA,NA,NA,NA
PRY,PY,Paraguay,2024,-1742301645.70907,17801812014.2076,NA,NA
SLV,SV,El Salvador,2024,-632548681.087358,12034527312.9559,NA,NA
SUR,SR,Suriname,2024,9306201.34824466,2866172568.28011,NA,NA
SXM,SX,Sint Maarten (Dutch part),2024,NA,NA,NA,NA
TCA,TC,Turks and Caicos Islands,2024,NA,NA,NA,NA
TTO,TT,Trinidad and Tobago,2024,1232946696.6177,12350002566.6623,NA,NA
URY,UY,Uruguay,2024,-837451484.092191,25876149875.9505,NA,NA
VCT,VC,St. Vincent and the Grenadines,2024,-156588993.333333,437515408.518519,NA,NA
VEN,VE,"Venezuela, RB",2024,NA,NA,NA,NA
VGB,VG,British Virgin Islands,2024,NA,NA,NA,NA
VIR,VI,Virgin Islands (U.S.),2024,NA,NA,NA,NA
ABW,AW,Aruba,2025,NA,NA,NA,NA
ARG,AR,Argentina,2025,NA,NA,NA,NA
ATG,AG,Antigua and Barbuda,2025,NA,NA,NA,NA
BHS,BS,"Bahamas, The",2025,NA,NA,NA,NA
BLZ,BZ,Belize,2025,NA,NA,NA,NA
BOL,BO,Bolivia,2025,NA,NA,NA,NA
BRA,BR,Brazil,2025,NA,NA,NA,NA
BRB,BB,Barbados,2025,NA,NA,NA,NA
CHL,CL,Chile,2025,NA,NA,NA,NA
COL,CO,Colombia,2025,NA,NA,NA,NA
CRI,CR,Costa Rica,2025,NA,NA,NA,NA
CUB,CU,Cuba,2025,NA,NA,NA,NA
CUW,CW,Curacao,2025,NA,NA,NA,NA
CYM,KY,Cayman Islands,2025,NA,NA,NA,NA
DMA,DM,Dominica,2025,NA,NA,NA,NA
DOM,DO,Dominican Republic,2025,NA,NA,NA,NA
ECU,EC,Ecuador,2025,NA,NA,NA,NA
GRD,GD,Grenada,2025,NA,NA,NA,NA
GTM,GT,Guatemala,2025,NA,NA,NA,NA
GUY,GY,Guyana,2025,NA,NA,NA,NA
HND,HN,Honduras,2025,NA,NA,NA,NA
HTI,HT,Haiti,2025,NA,NA,NA,NA
JAM,JM,Jamaica,2025,NA,NA,NA,NA
KNA,KN,St. Kitts and Nevis,2025,NA,NA,NA,NA
LCA,LC,St. Lucia,2025,NA,NA,NA,NA
MAF,MF,St. Martin (French part),2025,NA,NA,NA,NA
MEX,MX,Mexico,2025,NA,NA,NA,NA
NIC,NI,Nicaragua,2025,NA,NA,NA,NA
PAN,PA,Panama,2025,NA,NA,NA,NA
PER,PE,Peru,2025,NA,NA,NA,NA
PRI,PR,Puerto Rico (US),2025,NA,NA,NA,NA
PRY,PY,Paraguay,2025,NA,NA,NA,NA
SLV,SV,El Salvador,2025,NA,NA,NA,NA
SUR,SR,Suriname,2025,NA,NA,NA,NA
SXM,SX,Sint Maarten (Dutch part),2025,NA,NA,NA,NA
TCA,TC,Turks and Caicos Islands,2025,NA,NA,NA,NA
TTO,TT,Trinidad and Tobago,2025,NA,NA,NA,NA
URY,UY,Uruguay,2025,NA,NA,NA,NA
VCT,VC,St. Vincent and the Grenadines,2025,NA,NA,NA,NA
VEN,VE,"Venezuela, RB",2025,NA,NA,NA,NA
VGB,VG,British Virgin Islands,2025,NA,NA,NA,NA
VIR,VI,Virgin Islands (U.S.),2025,NA,NA,NA,NA
