iso3c,iso2c,country,year,ny_adj_nnty_cd,ny_adj_nnty_pc_cd
ABW,AW,Aruba,2001,1644062996.16331,17979.8881895396
ARG,AR,Argentina,2001,224968752618.712,5979.26376052811
ATG,AG,Antigua and Barbuda,2001,NA,NA
BHS,BS,"Bahamas, The",2001,7582558425.0036,23129.1207341585
BLZ,BZ,Belize,2001,923091660.977187,3716.46419776707
BOL,BO,Bolivia,2001,7060349114.8576,806.644815387737
BRA,BR,Brazil,2001,454980505820.652,2580.69995030409
BRB,BB,Barbados,2001,2650240356.98274,10099.0391806525
CHL,CL,Chile,2001,58485743360.9836,3729.04274715879
COL,CO,Colombia,2001,80848533572.4427,2036.01199066461
CRI,CR,Costa Rica,2001,14310909849.1744,3569.74283999624
CUB,CU,Cuba,2001,27189407135.4319,2439.79586166351
CUW,CW,Curacao,2001,NA,NA
CYM,KY,Cayman Islands,2001,NA,NA
DMA,DM,Dominica,2001,292795325.56233,4287.6541348748
DOM,DO,Dominican Republic,2001,23684255229.2454,2715.99616999189
ECU,EC,Ecuador,2001,18910208393.8856,1464.68818935906
GRD,GD,Grenada,2001,NA,NA
GTM,GT,Guatemala,2001,16638030264.0303,1390.04458728503
GUY,GY,Guyana,2001,571369565.963864,747.399288616746
HND,HN,Honduras,2001,6894813349.68393,1020.24570751759
HTI,HT,Haiti,2001,6227733308.17089,736.494051641808
JAM,JM,Jamaica,2001,8023862035.9122,3057.40468819469
KNA,KN,St. Kitts and Nevis,2001,NA,NA
LCA,LC,St. Lucia,2001,786308396.539207,4907.15874947239
MAF,MF,St. Martin (French part),2001,NA,NA
MEX,MX,Mexico,2001,628249032955.209,6276.27060814213
NIC,NI,Nicaragua,2001,4654958743.70511,914.921158590382
PAN,PA,Panama,2001,10896526423.4278,3549.89251585102
PER,PE,Peru,2001,46259403298.486,1715.56046011903
PRI,PR,Puerto Rico (US),2001,NA,NA
PRY,PY,Paraguay,2001,6533203884.87023,1259.36691364309
SLV,SV,El Salvador,2001,11230502025.7287,1881.76761388604
SUR,SR,Suriname,2001,572817788.427515,1177.28088710029
SXM,SX,Sint Maarten (Dutch part),2001,NA,NA
TCA,TC,Turks and Caicos Islands,2001,NA,NA
TTO,TT,Trinidad and Tobago,2001,6649991378.29901,5016.71464233721
URY,UY,Uruguay,2001,20317738775.609,6205.30887082542
VCT,VC,St. Vincent and the Grenadines,2001,425625413.115006,3749.97060039124
VEN,VE,"Venezuela, RB",2001,93754939868.8913,3753.21187427612
VGB,VG,British Virgin Islands,2001,NA,NA
VIR,VI,Virgin Islands (U.S.),2001,NA,NA
ABW,AW,Aruba,2002,1622332081.4401,17619.8718578546
ARG,AR,Argentina,2002,75590438007.3152,1987.6868785557
ATG,AG,Antigua and Barbuda,2002,NA,NA
BHS,BS,"Bahamas, The",2002,8124261106.47614,24499.1499347921
BLZ,BZ,Belize,2002,981799348.032502,3835.01887836952
BOL,BO,Bolivia,2002,6830884773.33814,767.484529924721
BRA,BR,Brazil,2002,411493327913.879,2305.23975607041
BRB,BB,Barbados,2002,2685144140.01259,10165.3018005534
CHL,CL,Chile,2002,57409876255.7105,3620.26407967691
COL,CO,Colombia,2002,80363596320.8879,1992.91342971322
CRI,CR,Costa Rica,2002,14824730375.1606,3637.34136184061
CUB,CU,Cuba,2002,28858806062.824,2581.88483805688
CUW,CW,Curacao,2002,NA,NA
CYM,KY,Cayman Islands,2002,NA,NA
DMA,DM,Dominica,2002,282400117.197178,4130.64954140416
DOM,DO,Dominican Republic,2002,25020066248.5689,2826.41234090248
ECU,EC,Ecuador,2002,22566242232.0959,1717.56976245761
GRD,GD,Grenada,2002,NA,NA
GTM,GT,Guatemala,2002,18169887442.7752,1483.62975024936
GUY,GY,Guyana,2002,570123143.399576,746.574543639742
HND,HN,Honduras,2002,7051413104.29249,1016.22083750261
HTI,HT,Haiti,2002,5932578542.24571,689.22234817248
JAM,JM,Jamaica,2002,8358378305.81864,3165.36655914652
KNA,KN,St. Kitts and Nevis,2002,NA,NA
LCA,LC,St. Lucia,2002,800196844.44083,4950.45715159415
MAF,MF,St. Martin (French part),2002,NA,NA
MEX,MX,Mexico,2002,638350138907.69,6286.15252243782
NIC,NI,Nicaragua,2002,4597003668.32467,892.637844343399
PAN,PA,Panama,2002,11680260702.482,3732.49495820274
PER,PE,Peru,2002,48752466843.557,1786.57575332082
PRI,PR,Puerto Rico (US),2002,NA,NA
PRY,PY,Paraguay,2002,5899675198.47441,1121.32815108171
SLV,SV,El Salvador,2002,11514585585.3363,1923.383215925
SUR,SR,Suriname,2002,862628349.532007,1737.24018183833
SXM,SX,Sint Maarten (Dutch part),2002,NA,NA
TCA,TC,Turks and Caicos Islands,2002,NA,NA
TTO,TT,Trinidad and Tobago,2002,6718235075.88289,5043.67837494051
URY,UY,Uruguay,2002,13261092824.443,4044.41315382509
VCT,VC,St. Vincent and the Grenadines,2002,448394821.882432,3955.9478581915
VEN,VE,"Venezuela, RB",2002,67842513414.9731,2667.21933205431
VGB,VG,British Virgin Islands,2002,NA,NA
VIR,VI,Virgin Islands (U.S.),2002,NA,NA
ABW,AW,Aruba,2003,1777022032.95466,19081.501084042
ARG,AR,Argentina,2003,103448403705.699,2692.26640866572
ATG,AG,Antigua and Barbuda,2003,NA,NA
BHS,BS,"Bahamas, The",2003,8129848272.90283,24223.516834326
BLZ,BZ,Belize,2003,1015377536.74665,3849.33481214137
BOL,BO,Bolivia,2003,6837771186.48093,755.496391050519
BRA,BR,Brazil,2003,450592024742.451,2494.65905823775
BRB,BB,Barbados,2003,2758375622.41506,10378.5730179364
CHL,CL,Chile,2003,60769962064.7209,3792.25600899913
COL,CO,Colombia,2003,76581149753.1801,1870.68781855304
CRI,CR,Costa Rica,2003,15445521242.3679,3731.89836492262
CUB,CU,Cuba,2003,30931537396.4646,2759.4326464235
CUW,CW,Curacao,2003,NA,NA
CYM,KY,Cayman Islands,2003,NA,NA
DMA,DM,Dominica,2003,293137328.131008,4277.44127666323
DOM,DO,Dominican Republic,2003,18781879302.7671,2091.37891401341
ECU,EC,Ecuador,2003,25240182232.306,1887.49660920906
GRD,GD,Grenada,2003,NA,NA
GTM,GT,Guatemala,2003,19079878117.7267,1523.24116157035
GUY,GY,Guyana,2003,578810172.591287,758.497463102901
HND,HN,Honduras,2003,7355533671.51756,1033.19477469175
HTI,HT,Haiti,2003,4705575433.09736,537.171541574545
JAM,JM,Jamaica,2003,8106078283.42148,3051.27158931526
KNA,KN,St. Kitts and Nevis,2003,NA,NA
LCA,LC,St. Lucia,2003,872657610.583905,5354.51606729767
MAF,MF,St. Martin (French part),2003,NA,NA
MEX,MX,Mexico,2003,590360272094.388,5732.84895489499
NIC,NI,Nicaragua,2003,4691342198.21808,900.283152695208
PAN,PA,Panama,2003,11830864128.079,3708.95923423549
PER,PE,Peru,2003,51704215863.3914,1874.66632621072
PRI,PR,Puerto Rico (US),2003,NA,NA
PRY,PY,Paraguay,2003,5802372298.2412,1089.35361247956
SLV,SV,El Salvador,2003,11925806914.5273,1988.09870680259
SUR,SR,Suriname,2003,1013196287.32525,2000.72724554465
SXM,SX,Sint Maarten (Dutch part),2003,NA,NA
TCA,TC,Turks and Caicos Islands,2003,NA,NA
TTO,TT,Trinidad and Tobago,2003,8170240656.8257,6103.0744223171
URY,UY,Uruguay,2003,11190022648.7965,3410.35913501901
VCT,VC,St. Vincent and the Grenadines,2003,461263384.700282,4076.8897632183
VEN,VE,"Venezuela, RB",2003,60564503478.3428,2339.05681760389
VGB,VG,British Virgin Islands,2003,NA,NA
VIR,VI,Virgin Islands (U.S.),2003,NA,NA
ABW,AW,Aruba,2004,1942929574.70071,20422.2242920884
ARG,AR,Argentina,2004,124005526472.631,3194.70823444257
ATG,AG,Antigua and Barbuda,2004,NA,NA
BHS,BS,"Bahamas, The",2004,8305966095.60158,24444.9855954747
BLZ,BZ,Belize,2004,1066095156.12463,3923.96850845319
BOL,BO,Bolivia,2004,7201175131.25216,782.371859031792
BRA,BR,Brazil,2004,543759652869.833,2976.64829456207
BRB,BB,Barbados,2004,2961825968.27081,11080.6140273059
CHL,CL,Chile,2004,73374084701.4046,4532.81183270492
COL,CO,Colombia,2004,94000508683.2615,2262.71867121702
CRI,CR,Costa Rica,2004,16692898661.6637,3974.42587058233
CUB,CU,Cuba,2004,32764356174.095,2915.30096160954
CUW,CW,Curacao,2004,NA,NA
CYM,KY,Cayman Islands,2004,NA,NA
DMA,DM,Dominica,2004,307414667.41704,4478.06475574357
DOM,DO,Dominican Republic,2004,19114964880.5433,2099.41698161201
ECU,EC,Ecuador,2004,27174863840.2202,1996.87419396019
GRD,GD,Grenada,2004,NA,NA
GTM,GT,Guatemala,2004,20689608522.3765,1615.44148628867
GUY,GY,Guyana,2004,608757193.508684,798.455956586392
HND,HN,Honduras,2004,7848257962.85354,1075.25200909242
HTI,HT,Haiti,2004,5849428763.29304,656.482167057587
JAM,JM,Jamaica,2004,8781081413.59465,3286.05615679617
KNA,KN,St. Kitts and Nevis,2004,NA,NA
LCA,LC,St. Lucia,2004,931277093.09365,5670.25550017749
MAF,MF,St. Martin (French part),2004,NA,NA
MEX,MX,Mexico,2004,630150294533.287,6036.26169878541
NIC,NI,Nicaragua,2004,5124812488.13099,971.913145550502
PAN,PA,Panama,2004,12885796125.046,3963.45179637575
PER,PE,Peru,2004,56610868309.9603,2032.54639258027
PRI,PR,Puerto Rico (US),2004,NA,NA
PRY,PY,Paraguay,2004,7453242868.06301,1383.259242334
SLV,SV,El Salvador,2004,12268614163.4462,2043.17841284663
SUR,SR,Suriname,2004,1158920022.81388,2255.04603377136
SXM,SX,Sint Maarten (Dutch part),2004,NA,NA
TCA,TC,Turks and Caicos Islands,2004,NA,NA
TTO,TT,Trinidad and Tobago,2004,10334003547.4341,7681.10388695692
URY,UY,Uruguay,2004,12724719819.487,3875.76795791326
VCT,VC,St. Vincent and the Grenadines,2004,491509740.315858,4356.00425679849
VEN,VE,"Venezuela, RB",2004,84150966410.9043,3194.69587151723
VGB,VG,British Virgin Islands,2004,NA,NA
VIR,VI,Virgin Islands (U.S.),2004,NA,NA
ABW,AW,Aruba,2005,1639719957.52302,16794.3868236085
ARG,AR,Argentina,2005,148938243056.375,3797.81840518292
ATG,AG,Antigua and Barbuda,2005,NA,NA
BHS,BS,"Bahamas, The",2005,9010928782.26448,26202.6344811613
BLZ,BZ,Belize,2005,1126652276.65207,4027.62753020606
BOL,BO,Bolivia,2005,7636870600.09074,815.83925825748
BRA,BR,Brazil,2005,720074448158.693,3898.8675732753
BRB,BB,Barbados,2005,3259387957.72401,12129.9411167745
CHL,CL,Chile,2005,90111561120.1944,5511.82242001172
COL,CO,Colombia,2005,117846441522.982,2797.27754896545
CRI,CR,Costa Rica,2005,17981209227.6955,4219.71286003499
CUB,CU,Cuba,2005,36760805676.7927,3263.98485430504
CUW,CW,Curacao,2005,NA,NA
CYM,KY,Cayman Islands,2005,NA,NA
DMA,DM,Dominica,2005,307524017.126538,4474.11786199753
DOM,DO,Dominican Republic,2005,32043153244.2288,3473.49974474119
ECU,EC,Ecuador,2005,29467296538.7337,2128.19223193701
GRD,GD,Grenada,2005,NA,NA
GTM,GT,Guatemala,2005,23343758021.6542,1783.65065373218
GUY,GY,Guyana,2005,654147379.744704,859.686350553024
HND,HN,Honduras,2005,8646671214.06407,1156.22636449648
HTI,HT,Haiti,2005,6926367155.54745,764.3922830211
JAM,JM,Jamaica,2005,9645236470.37796,3589.50486157689
KNA,KN,St. Kitts and Nevis,2005,NA,NA
LCA,LC,St. Lucia,2005,986478250.056693,5962.39498372132
MAF,MF,St. Martin (French part),2005,NA,NA
MEX,MX,Mexico,2005,692395008004.185,6543.66474182415
NIC,NI,Nicaragua,2005,5679925847.11964,1063.23740306857
PAN,PA,Panama,2005,14084717040.9882,4251.31497337727
PER,PE,Peru,2005,63466203686.9739,2258.48892064226
PRI,PR,Puerto Rico (US),2005,NA,NA
PRY,PY,Paraguay,2005,8312915168.54051,1525.83831905719
SLV,SV,El Salvador,2005,13156354101.8986,2190.68907304153
SUR,SR,Suriname,2005,1370841045.72625,2639.72025681285
SXM,SX,Sint Maarten (Dutch part),2005,NA,NA
TCA,TC,Turks and Caicos Islands,2005,NA,NA
TTO,TT,Trinidad and Tobago,2005,11329885626.3585,8752.36627312178
URY,UY,Uruguay,2005,16453137930.527,5007.3903295534
VCT,VC,St. Vincent and the Grenadines,2005,517412969.012875,4601.27140073699
VEN,VE,"Venezuela, RB",2005,111640166286.209,4167.88558171369
VGB,VG,British Virgin Islands,2005,NA,NA
VIR,VI,Virgin Islands (U.S.),2005,NA,NA
ABW,AW,Aruba,2006,2105403812.15326,21180.0594754113
ARG,AR,Argentina,2006,193236491249.098,4876.98577547155
ATG,AG,Antigua and Barbuda,2006,NA,NA
BHS,BS,"Bahamas, The",2006,9240894270.10506,26525.710140237
BLZ,BZ,Belize,2006,1188982416.19029,4130.16074931148
BOL,BO,Bolivia,2006,8985631393.73208,943.701416180688
BRA,BR,Brazil,2006,901611132986.397,4830.41055307377
BRB,BB,Barbados,2006,3519689994.38481,13035.7923066674
CHL,CL,Chile,2006,101992307076.928,6177.90916376771
COL,CO,Colombia,2006,129721375803.8,3038.60580827135
CRI,CR,Costa Rica,2006,20647101396.297,4777.9395734418
CUB,CU,Cuba,2006,42186400672.3737,3740.40995273095
CUW,CW,Curacao,2006,NA,NA
CYM,KY,Cayman Islands,2006,NA,NA
DMA,DM,Dominica,2006,342604086.978634,4979.27632733532
DOM,DO,Dominican Republic,2006,33902263007.1408,3629.33292358589
ECU,EC,Ecuador,2006,32563577758.4785,2311.74747405647
GRD,GD,Grenada,2006,NA,NA
GTM,GT,Guatemala,2006,25668631832.2015,1920.23269584754
GUY,GY,Guyana,2006,2074640532.94642,2733.50918611166
HND,HN,Honduras,2006,9604668207.52362,1254.39192181879
HTI,HT,Haiti,2006,7246112623.84437,786.205596386632
JAM,JM,Jamaica,2006,10257523788.7039,3797.72133127971
KNA,KN,St. Kitts and Nevis,2006,NA,NA
LCA,LC,St. Lucia,2006,1085435460.88233,6513.69403850437
MAF,MF,St. Martin (French part),2006,NA,NA
MEX,MX,Mexico,2006,771758100654.085,7195.6337665333
NIC,NI,Nicaragua,2006,6011700886.62039,1109.40427205016
PAN,PA,Panama,2006,15513149842.0319,4596.45615617308
PER,PE,Peru,2006,69558632526.5512,2455.77696441398
PRI,PR,Puerto Rico (US),2006,NA,NA
PRY,PY,Paraguay,2006,10749053636.6377,1952.54580560553
SLV,SV,El Salvador,2006,14301232205.6951,2382.61781916208
SUR,SR,Suriname,2006,2021119225.23477,3849.77290391139
SXM,SX,Sint Maarten (Dutch part),2006,NA,NA
TCA,TC,Turks and Caicos Islands,2006,NA,NA
TTO,TT,Trinidad and Tobago,2006,12450732377.4912,9592.65760116862
URY,UY,Uruguay,2006,18703936864.6517,5685.94094817024
VCT,VC,St. Vincent and the Grenadines,2006,578543704.533764,5164.9231750831505
VEN,VE,"Venezuela, RB",2006,145763662861.786,5354.09895496264
VGB,VG,British Virgin Islands,2006,NA,NA
VIR,VI,Virgin Islands (U.S.),2006,NA,NA
ABW,AW,Aruba,2007,2012381296.21543,20093.6724534741
ARG,AR,Argentina,2007,243687486346.74,6089.63514482018
ATG,AG,Antigua and Barbuda,2007,NA,NA
BHS,BS,"Bahamas, The",2007,9672364878.03117,27374.5659292091
BLZ,BZ,Belize,2007,1233815273.2266,4166.88710985005
BOL,BO,Bolivia,2007,10395887625.3984,1073.29450311568
BRA,BR,Brazil,2007,1144003079892.72,6067.29781894341
BRB,BB,Barbados,2007,3981344307.8564,14675.7110814205
CHL,CL,Chile,2007,116357501799.831,6979.39216441626
COL,CO,Colombia,2007,166614705371.523,3853.66633746531
CRI,CR,Costa Rica,2007,24613082797.578,5619.10713675984
CUB,CU,Cuba,2007,45402081688.3002,4022.41406854554
CUW,CW,Curacao,2007,NA,NA
CYM,KY,Cayman Islands,2007,NA,NA
DMA,DM,Dominica,2007,364458896.132229,5293.75130553588
DOM,DO,Dominican Republic,2007,39148811591.5892,4140.25249132204
ECU,EC,Ecuador,2007,35933461478.7072,2507.78356797942
GRD,GD,Grenada,2007,NA,NA
GTM,GT,Guatemala,2007,28715110479.5363,2103.35674958001
GUY,GY,Guyana,2007,2437898304.72362,3221.06477242667
HND,HN,Honduras,2007,11100027372.6288,1416.75986702258
HTI,HT,Haiti,2007,9218886321.37373,983.526640081966
JAM,JM,Jamaica,2007,10984445640.9712,4047.62533752347
KNA,KN,St. Kitts and Nevis,2007,NA,NA
LCA,LC,St. Lucia,2007,1146578929.65334,6834.71983245711
MAF,MF,St. Martin (French part),2007,NA,NA
MEX,MX,Mexico,2007,834114603747.519,7668.30164523624
NIC,NI,Nicaragua,2007,6636411752.06411,1207.22546775977
PAN,PA,Panama,2007,18557251143.5756,5398.48876464385
PER,PE,Peru,2007,81078216304.5381,2841.78863982751
PRI,PR,Puerto Rico (US),2007,NA,NA
PRY,PY,Paraguay,2007,15059831535.6958,2708.90194271378
SLV,SV,El Salvador,2007,15135106890.5235,2518.39436404851
SUR,SR,Suriname,2007,2298809731.10598,4329.07809012531
SXM,SX,Sint Maarten (Dutch part),2007,NA,NA
TCA,TC,Turks and Caicos Islands,2007,NA,NA
TTO,TT,Trinidad and Tobago,2007,15367598680.8127,11792.3113785676
URY,UY,Uruguay,2007,22425309075.6796,6805.54410544202
VCT,VC,St. Vincent and the Grenadines,2007,638262676.995999,5722.73786656624
VEN,VE,"Venezuela, RB",2007,192087478365.576,6947.26595927638
VGB,VG,British Virgin Islands,2007,NA,NA
VIR,VI,Virgin Islands (U.S.),2007,NA,NA
ABW,AW,Aruba,2008,2431892488.23828,24097.9467110425
ARG,AR,Argentina,2008,305021774544.565,7545.53378699695
ATG,AG,Antigua and Barbuda,2008,NA,NA
BHS,BS,"Bahamas, The",2008,9700832949.45657,27088.218891591
BLZ,BZ,Belize,2008,1212403315.00909,3983.4384661934
BOL,BO,Bolivia,2008,13610291319.5578,1381.63511437865
BRA,BR,Brazil,2008,1364936599006.54,7170.01598838933
BRB,BB,Barbados,2008,4026040439.2709,14762.8667368412
CHL,CL,Chile,2008,128820969591.297,7650.1610186608
COL,CO,Colombia,2008,191531744796.542,4376.98725240738
CRI,CR,Costa Rica,2008,28464869693.5109,6410.92582920371
CUB,CU,Cuba,2008,47747180792.54,4228.49691594102
CUW,CW,Curacao,2008,NA,NA
CYM,KY,Cayman Islands,2008,NA,NA
DMA,DM,Dominica,2008,396627489.268325,5760.41318250683
DOM,DO,Dominican Republic,2008,44369979575.3469,4634.8456121819
ECU,EC,Ecuador,2008,43760426672.1015,3002.38903530129
GRD,GD,Grenada,2008,NA,NA
GTM,GT,Guatemala,2008,33121429153.6255,2376.82207295191
GUY,GY,Guyana,2008,2705238007.77427,3584.96752977616
HND,HN,Honduras,2008,12544148923.0224,1565.55540963517
HTI,HT,Haiti,2008,10058058369.2207,1055.32440169295
JAM,JM,Jamaica,2008,11892468403.7785,4363.19184475489
KNA,KN,St. Kitts and Nevis,2008,NA,NA
LCA,LC,St. Lucia,2008,1224664336.28567,7254.77664734888
MAF,MF,St. Martin (French part),2008,NA,NA
MEX,MX,Mexico,2008,868479430911.016,7868.49407274107
NIC,NI,Nicaragua,2008,7611667579.50322,1364.93152351323
PAN,PA,Panama,2008,22159458403.9385,6330.10185655299
PER,PE,Peru,2008,98582399097.9558,3432.64940838226
PRI,PR,Puerto Rico (US),2008,NA,NA
PRY,PY,Paraguay,2008,20904688934.5281,3723.95356942442
SLV,SV,El Salvador,2008,15933034767.6206,2642.60240748144
SUR,SR,Suriname,2008,2708603912.75562,5041.65494840458
SXM,SX,Sint Maarten (Dutch part),2008,NA,NA
TCA,TC,Turks and Caicos Islands,2008,NA,NA
TTO,TT,Trinidad and Tobago,2008,20598035123.1771,15740.6692280888
URY,UY,Uruguay,2008,28829964738.3402,8730.59340499925
VCT,VC,St. Vincent and the Grenadines,2008,646141094.653508,5819.62292983309
VEN,VE,"Venezuela, RB",2008,266597274909.392,9503.10700270624
VGB,VG,British Virgin Islands,2008,NA,NA
VIR,VI,Virgin Islands (U.S.),2008,NA,NA
ABW,AW,Aruba,2009,2208167313.42423,21733.0746173795
ARG,AR,Argentina,2009,278180375836.102,6808.99587703843
ATG,AG,Antigua and Barbuda,2009,NA,NA
BHS,BS,"Bahamas, The",2009,9108831066.9998,25106.3395909699
BLZ,BZ,Belize,2009,1272329577.89991,4069.96992425135
BOL,BO,Bolivia,2009,14560937016.4368,1453.72775971474
BRA,BR,Brazil,2009,1332280996713.31,6936.07526333298
BRB,BB,Barbados,2009,3815072423.03365,13917.3744013952
CHL,CL,Chile,2009,129135841545.072,7591.88029164435
COL,CO,Colombia,2009,189525646540.142,4280.98146708157
CRI,CR,Costa Rica,2009,27922106706.908,6205.20079863887
CUB,CU,Cuba,2009,48772010310.3973,4318.12516189179
CUW,CW,Curacao,2009,NA,NA
CYM,KY,Cayman Islands,2009,NA,NA
DMA,DM,Dominica,2009,413186516.347987,6000.03654083392
DOM,DO,Dominican Republic,2009,44550379426.5526,4595.06567654959
ECU,EC,Ecuador,2009,48984102423.5926,3303.94269559939
GRD,GD,Grenada,2009,NA,NA
GTM,GT,Guatemala,2009,31757882115.5472,2234.01457141358
GUY,GY,Guyana,2009,2813376501.86742,3740.72456616782
HND,HN,Honduras,2009,13286528097.7838,1622.30670949468
HTI,HT,Haiti,2009,11141681348.145,1149.86203718664
JAM,JM,Jamaica,2009,10399621099.9765,3799.64928689183
KNA,KN,St. Kitts and Nevis,2009,NA,NA
LCA,LC,St. Lucia,2009,1203744310.81216,7086.3095138734
MAF,MF,St. Martin (French part),2009,NA,NA
MEX,MX,Mexico,2009,705689454663.467,6300.81439813111
NIC,NI,Nicaragua,2009,7412524596.88938,1310.42026773488
PAN,PA,Panama,2009,24188090487.419,6786.05639728721
PER,PE,Peru,2009,100779191982.835,3487.55411048074
PRI,PR,Puerto Rico (US),2009,NA,NA
PRY,PY,Paraguay,2009,18787614471.5864,3312.79009929871
SLV,SV,El Salvador,2009,15364646447.6841,2540.33361352611
SUR,SR,Suriname,2009,3109725335.43767,5720.94997394562
SXM,SX,Sint Maarten (Dutch part),2009,NA,NA
TCA,TC,Turks and Caicos Islands,2009,NA,NA
TTO,TT,Trinidad and Tobago,2009,13047134054.9254,9958.83848705784
URY,UY,Uruguay,2009,29681897235.4594,8967.09402716101
VCT,VC,St. Vincent and the Grenadines,2009,622946881.837714,5637.12022512138
VEN,VE,"Venezuela, RB",2009,268309670675.822,9434.80058742693
VGB,VG,British Virgin Islands,2009,NA,NA
VIR,VI,Virgin Islands (U.S.),2009,NA,NA
ABW,AW,Aruba,2010,2058374498.59793,20212.2439423195
ARG,AR,Argentina,2010,353652788044.292,8565.3662972312
ATG,AG,Antigua and Barbuda,2010,NA,NA
BHS,BS,"Bahamas, The",2010,9120437520.44459,24819.0028258687
BLZ,BZ,Belize,2010,1252206977.84327,3910.15309479702
BOL,BO,Bolivia,2010,16115928223.9213,1582.73248686047
BRA,BR,Brazil,2010,1719690505515.28,8878.02467633288
BRB,BB,Barbados,2010,3923132258.54868,14253.3407154721
CHL,CL,Chile,2010,162329651756.006,9447.95226739735
COL,CO,Colombia,2010,229344432974.589,5121.88844925238
CRI,CR,Costa Rica,2010,34286836984.129,7525.7074102306
CUB,CU,Cuba,2010,50145314664.8857,4438.65621443693
CUW,CW,Curacao,2010,NA,NA
CYM,KY,Cayman Islands,2010,NA,NA
DMA,DM,Dominica,2010,415809527.022321,6038.56470501054
DOM,DO,Dominican Republic,2010,49567929741.6196,5047.56073508055
ECU,EC,Ecuador,2010,52529830350.4796,3484.1741078187
GRD,GD,Grenada,2010,NA,NA
GTM,GT,Guatemala,2010,34479158283.3186,2377.8546181794
GUY,GY,Guyana,2010,2932205080.36695,3913.48895486583
HND,HN,Honduras,2010,13830153441.6811,1653.16221939659
HTI,HT,Haiti,2010,11307919571.3537,1153.48163294437
JAM,JM,Jamaica,2010,11615846096.6961,4226.14470396807
KNA,KN,St. Kitts and Nevis,2010,NA,NA
LCA,LC,St. Lucia,2010,1219395050.44032,7134.88730904895
MAF,MF,St. Martin (French part),2010,NA,NA
MEX,MX,Mexico,2010,837005140326.317,7366.4535116167
NIC,NI,Nicaragua,2010,7729337401.05059,1347.17294286671
PAN,PA,Panama,2010,25421213995.2461,7005.91671163324
PER,PE,Peru,2010,121188990398.51,4166.57193267013
PRI,PR,Puerto Rico (US),2010,NA,NA
PRY,PY,Paraguay,2010,22917124910.5506,3993.94226819038
SLV,SV,El Salvador,2010,16181878195.2981,2666.64703364976
SUR,SR,Suriname,2010,3006908029.12366,5467.87100943889
SXM,SX,Sint Maarten (Dutch part),2010,NA,NA
TCA,TC,Turks and Caicos Islands,2010,NA,NA
TTO,TT,Trinidad and Tobago,2010,15391908517.3688,11680.7657180305
URY,UY,Uruguay,2010,37529747665.0156,11308.9778354042
VCT,VC,St. Vincent and the Grenadines,2010,605542890.102726,5506.98796917693
VEN,VE,"Venezuela, RB",2010,317588366469.394,11022.3598101917
VGB,VG,British Virgin Islands,2010,NA,NA
VIR,VI,Virgin Islands (U.S.),2010,NA,NA
ABW,AW,Aruba,2011,2109879864.34631,20565.9352608544
ARG,AR,Argentina,2011,442536187080.218,10604.5815493984
ATG,AG,Antigua and Barbuda,2011,NA,NA
BHS,BS,"Bahamas, The",2011,9107001115.06643,24499.0332071655
BLZ,BZ,Belize,2011,1325150528.75013,4048.75840594849
BOL,BO,Bolivia,2011,19102796512.9251,1845.87183011161
BRA,BR,Brazil,2011,2003637158343.32,10260.0808435099
BRB,BB,Barbados,2011,3831982058.20683,13877.0041834251
CHL,CL,Chile,2011,182125401011.874,10496.0426627319
COL,CO,Colombia,2011,258040384306.35,5701.33859971386
CRI,CR,Costa Rica,2011,38850896564.5379,8427.83167297772
CUB,CU,Cuba,2011,58368849455.3436,5164.66688174092
CUW,CW,Curacao,2011,NA,NA
CYM,KY,Cayman Islands,2011,NA,NA
DMA,DM,Dominica,2011,406525709.213887,5887.15492757573
DOM,DO,Dominican Republic,2011,53219573896.8496,5351.05589654478
ECU,EC,Ecuador,2011,57804657801.3424,3771.61696752517
GRD,GD,Grenada,2011,NA,NA
GTM,GT,Guatemala,2011,39537192491.5204,2672.85395564643
GUY,GY,Guyana,2011,3091483771.36048,4143.23037146601
HND,HN,Honduras,2011,15759436506.6888,1845.24130339683
HTI,HT,Haiti,2011,12424718996.3262,1253.13558218276
JAM,JM,Jamaica,2011,12695036023.366,4598.82760961118
KNA,KN,St. Kitts and Nevis,2011,NA,NA
LCA,LC,St. Lucia,2011,1334842485.98174,7769.70149173602
MAF,MF,St. Martin (French part),2011,NA,NA
MEX,MX,Mexico,2011,909917998364.882,7895.61204564625
NIC,NI,Nicaragua,2011,8549272796.65043,1469.18677919311
PAN,PA,Panama,2011,30811065356.1846,8341.95848013868
PER,PE,Peru,2011,139512301700.055,4760.84808446355
PRI,PR,Puerto Rico (US),2011,NA,NA
PRY,PY,Paraguay,2011,28785379968.439,4950.51271886429
SLV,SV,El Salvador,2011,17994429084.5701,2954.68864353241
SUR,SR,Suriname,2011,2502094727.35316,4497.99418510318
SXM,SX,Sint Maarten (Dutch part),2011,NA,NA
TCA,TC,Turks and Caicos Islands,2011,NA,NA
TTO,TT,Trinidad and Tobago,2011,14457056018.6272,10886.1816123318
URY,UY,Uruguay,2011,44503992102.9346,13377.3168420144
VCT,VC,St. Vincent and the Grenadines,2011,581076000.060496,5313.95806144085
VEN,VE,"Venezuela, RB",2011,244200705656.861,8367.27537414705
VGB,VG,British Virgin Islands,2011,NA,NA
VIR,VI,Virgin Islands (U.S.),2011,NA,NA
ABW,AW,Aruba,2012,2227468288.83999,21395.3346349053
ARG,AR,Argentina,2012,454254301661.785,10774.0929660292
ATG,AG,Antigua and Barbuda,2012,NA,NA
BHS,BS,"Bahamas, The",2012,9734570944.23857,25926.4305288548
BLZ,BZ,Belize,2012,1407558302.06869,4209.02923343129
BOL,BO,Bolivia,2012,20739116434.9616,1972.18496259599
BRA,BR,Brazil,2012,1841049768095.16,9351.31113035426
BRB,BB,Barbados,2012,3916883666.9907,14143.5399511468
CHL,CL,Chile,2012,206150579012.125,11767.1772771293
COL,CO,Colombia,2012,289550984274.619,6333.71659114471
CRI,CR,Costa Rica,2012,43145964404.4035,9250.98091105138
CUB,CU,Cuba,2012,62116251531.0671,5495.46932884496
CUW,CW,Curacao,2012,NA,NA
CYM,KY,Cayman Islands,2012,NA,NA
DMA,DM,Dominica,2012,396572253.082235,5737.61180998054
DOM,DO,Dominican Republic,2012,55575112510.4798,5518.65385737283
ECU,EC,Ecuador,2012,65344061677.9224,4196.20136237208
GRD,GD,Grenada,2012,NA,NA
GTM,GT,Guatemala,2012,42449809892.1181,2813.17448261832
GUY,GY,Guyana,2012,3447283721.03054,4619.24045546832
HND,HN,Honduras,2012,16210971264.4497,1860.10670067016
HTI,HT,Haiti,2012,13080133523.9635,1298.95044524483
JAM,JM,Jamaica,2012,13366437703.6091,4821.19934628074
KNA,KN,St. Kitts and Nevis,2012,NA,NA
LCA,LC,St. Lucia,2012,1310493042.85012,7593.23148817767
MAF,MF,St. Martin (French part),2012,NA,NA
MEX,MX,Mexico,2012,923120025713.203,7902.19300156704
NIC,NI,Nicaragua,2012,9110334739.41816,1543.7877770422199
PAN,PA,Panama,2012,35559306950.5436,9459.13418786686
PER,PE,Peru,2012,159849714943.219,5409.39881906096
PRI,PR,Puerto Rico (US),2012,NA,NA
PRY,PY,Paraguay,2012,28116646133.5536,4767.95115990238
SLV,SV,El Salvador,2012,18545690450.7782,3033.32781877227
SUR,SR,Suriname,2012,2998018110.88211,5328.55006884081
SXM,SX,Sint Maarten (Dutch part),2012,NA,NA
TCA,TC,Turks and Caicos Islands,2012,NA,NA
TTO,TT,Trinidad and Tobago,2012,16101426295.7009,12059.2410508892
URY,UY,Uruguay,2012,44924232763.6895,13468.9150610945
VCT,VC,St. Vincent and the Grenadines,2012,595188341.26813,5473.70090189201
VEN,VE,"Venezuela, RB",2012,290359586478.741,9824.77146880208
VGB,VG,British Virgin Islands,2012,NA,NA
VIR,VI,Virgin Islands (U.S.),2012,NA,NA
ABW,AW,Aruba,2013,2275254390.26909,21530.6779301546
ARG,AR,Argentina,2013,460395962371.796,10811.8698739139
ATG,AG,Antigua and Barbuda,2013,NA,NA
BHS,BS,"Bahamas, The",2013,9482666079.69604,25023.330280261802
BLZ,BZ,Belize,2013,1537304046.89143,4499.9489117998
BOL,BO,Bolivia,2013,23523611178.6406,2202.04758787747
BRA,BR,Brazil,2013,1876918816925.21,9456.54424882596
BRB,BB,Barbados,2013,3974501014.84515,14314.0151435908
CHL,CL,Chile,2013,219136175728.405,12389.6704579851
COL,CO,Colombia,2013,302219653422.262,6548.41345038693
CRI,CR,Costa Rica,2013,46374158062.8537,9833.06034838475
CUB,CU,Cuba,2013,65874791735.5618,5830.57337845704
CUW,CW,Curacao,2013,NA,NA
CYM,KY,Cayman Islands,2013,NA,NA
DMA,DM,Dominica,2013,399740066.22414,5733.91761061665
DOM,DO,Dominican Republic,2013,56447619101.4469,5537.42827663028
ECU,EC,Ecuador,2013,72200234598.4456,4567.57448908148
GRD,GD,Grenada,2013,NA,NA
GTM,GT,Guatemala,2013,45195787000.4436,2937.20654850437
GUY,GY,Guyana,2013,3597206690.62044,4796.14129553764
HND,HN,Honduras,2013,16175096883.9188,1819.61874563028
HTI,HT,Haiti,2013,14193197762.0262,1388.44601296904
JAM,JM,Jamaica,2013,12729201460.5512,4572.78474934545
KNA,KN,St. Kitts and Nevis,2013,NA,NA
LCA,LC,St. Lucia,2013,1283388999.18741,7402.64406662904
MAF,MF,St. Martin (French part),2013,NA,NA
MEX,MX,Mexico,2013,979078425937.207,8273.18629239973
NIC,NI,Nicaragua,2013,9423835485.04003,1574.87961085891
PAN,PA,Panama,2013,40214085486.1981,10512.5821821334
PER,PE,Peru,2013,170276584634.199,5710.54554927857
PRI,PR,Puerto Rico (US),2013,NA,NA
PRY,PY,Paraguay,2013,33153449793.0443,5541.7893174186
SLV,SV,El Salvador,2013,18734245499.2265,3051.75709922129
SUR,SR,Suriname,2013,3500942730.86667,6152.58291600764
SXM,SX,Sint Maarten (Dutch part),2013,NA,NA
TCA,TC,Turks and Caicos Islands,2013,NA,NA
TTO,TT,Trinidad and Tobago,2013,18463559179.3661,13773.0504405006
URY,UY,Uruguay,2013,51418560440.5683,15370.2184385514
VCT,VC,St. Vincent and the Grenadines,2013,624998655.928898,5779.79984213158
VEN,VE,"Venezuela, RB",2013,276274158604.147,9236.17042800221
VGB,VG,British Virgin Islands,2013,NA,NA
VIR,VI,Virgin Islands (U.S.),2013,NA,NA
ABW,AW,Aruba,2014,2394184991.053,22415.9932500023
ARG,AR,Argentina,2014,438031034121.621,10181.068967686
ATG,AG,Antigua and Barbuda,2014,NA,NA
BHS,BS,"Bahamas, The",2014,9881180749.59395,25846.802100963
BLZ,BZ,Belize,2014,1628314625.09173,4666.68756456791
BOL,BO,Bolivia,2014,25885822545.2938,2386.0346374019
BRA,BR,Brazil,2014,1849302367272.97,9242.57787173242
BRB,BB,Barbados,2014,3988496071.0643,14329.1709337387
CHL,CL,Chile,2014,206731839692.603,11572.4128455048
COL,CO,Colombia,2014,306775923849.17,6588.06179685728
CRI,CR,Costa Rica,2014,47166941923.3311,9894.22372785976
CUB,CU,Cuba,2014,68926047636.4801,6107.33845362681
CUW,CW,Curacao,2014,NA,NA
CYM,KY,Cayman Islands,2014,NA,NA
DMA,DM,Dominica,2014,428969515.112419,6095.65479818139
DOM,DO,Dominican Republic,2014,60364395092.0419,5851.7988698244
ECU,EC,Ecuador,2014,77116284795.0015,4809.21038059958
GRD,GD,Grenada,2014,NA,NA
GTM,GT,Guatemala,2014,49174586532.4727,3135.78936835538
GUY,GY,Guyana,2014,3659276200.82844,4851.67793976158
HND,HN,Honduras,2014,17068841884.5159,1883.32915352082
HTI,HT,Haiti,2014,14474905992.9236,1395.40904962855
JAM,JM,Jamaica,2014,12433969229.0538,4450.63934843603
KNA,KN,St. Kitts and Nevis,2014,NA,NA
LCA,LC,St. Lucia,2014,1365613966.33514,7842.13650286061
MAF,MF,St. Martin (French part),2014,NA,NA
MEX,MX,Mexico,2014,1029001447035.09,8590.45619553549
NIC,NI,Nicaragua,2014,10404076679.1741,1715.00707149603
PAN,PA,Panama,2014,42846236178.0528,11008.5108731898
PER,PE,Peru,2014,171873870165.238,5707.09467391789
PRI,PR,Puerto Rico (US),2014,NA,NA
PRY,PY,Paraguay,2014,35311098984.1316,5817.49563275226
SLV,SV,El Salvador,2014,19177294792.7476,3111.70449772027
SUR,SR,Suriname,2014,3897502195.30685,6773.8705071438
SXM,SX,Sint Maarten (Dutch part),2014,NA,NA
TCA,TC,Turks and Caicos Islands,2014,766639557.653637,21872.7405892621
TTO,TT,Trinidad and Tobago,2014,21123800416.4071,15701.4236640077
URY,UY,Uruguay,2014,50381478532.9751,15010.8655851817
VCT,VC,St. Vincent and the Grenadines,2014,607281265.706589,5647.28940072152
VEN,VE,"Venezuela, RB",2014,354707430098.717,11724.2845204019
VGB,VG,British Virgin Islands,2014,NA,NA
VIR,VI,Virgin Islands (U.S.),2014,NA,NA
ABW,AW,Aruba,2015,2511924645.18289,23278.8227270299
ARG,AR,Argentina,2015,507308748132.43,11668.4363712122
ATG,AG,Antigua and Barbuda,2015,NA,NA
BHS,BS,"Bahamas, The",2015,10367560246.349,26904.5487596835
BLZ,BZ,Belize,2015,1767906855.51798,4961.38964260391
BOL,BO,Bolivia,2015,27893798723.5079,2532.41450619948
BRA,BR,Brazil,2015,1344519763892.24,6666.74707912629
BRB,BB,Barbados,2015,3991714767.10296,14307.7342094805
CHL,CL,Chile,2015,201607398550.396,11170.854810558
COL,CO,Colombia,2015,247102690753.018,5260.86877592388
CRI,CR,Costa Rica,2015,51139413619.9991,10614.1573852259
CUB,CU,Cuba,2015,74925815420.5882,6645.26682733875
CUW,CW,Curacao,2015,NA,NA
CYM,KY,Cayman Islands,2015,NA,NA
DMA,DM,Dominica,2015,445063829.46399,6321.03152199957
DOM,DO,Dominican Republic,2015,64844273923.5408,6214.21529030718
ECU,EC,Ecuador,2015,78963239412.9177,4854.42931060635
GRD,GD,Grenada,2015,NA,NA
GTM,GT,Guatemala,2015,53549541409.7243,3352.76753512277
GUY,GY,Guyana,2015,3873046274.89239,5104.30054902849
HND,HN,Honduras,2015,18441270584.1341,1996.39078542217
HTI,HT,Haiti,2015,14263278676.8635,1355.407266778
JAM,JM,Jamaica,2015,12617329169.7042,4502.11457548925
KNA,KN,St. Kitts and Nevis,2015,NA,NA
LCA,LC,St. Lucia,2015,1324575104.87905,7573.11171709814
MAF,MF,St. Martin (French part),2015,NA,NA
MEX,MX,Mexico,2015,930698815652.538,7687.13214773111
NIC,NI,Nicaragua,2015,11174210329.1839,1817.11702575771
PAN,PA,Panama,2015,47414115415.743,11973.1556452766
PER,PE,Peru,2015,164296810031.077,5394.27958969443
PRI,PR,Puerto Rico (US),2015,NA,NA
PRY,PY,Paraguay,2015,31841843064.7248,5169.88318992633
SLV,SV,El Salvador,2015,19824624009.2986,3205.960986523
SUR,SR,Suriname,2015,4212584420.29413,7242.75939785142
SXM,SX,Sint Maarten (Dutch part),2015,NA,NA
TCA,TC,Turks and Caicos Islands,2015,855089097.52897,23359.8988534072
TTO,TT,Trinidad and Tobago,2015,22203894537.2528,16451.3872957202
URY,UY,Uruguay,2015,47804269388.5369,14193.595040802
VCT,VC,St. Vincent and the Grenadines,2015,647038947.434155,6049.35440757437
VEN,VE,"Venezuela, RB",2015,NA,NA
VGB,VG,British Virgin Islands,2015,NA,NA
VIR,VI,Virgin Islands (U.S.),2015,NA,NA
ABW,AW,Aruba,2016,2518955855.90613,23167.7123061073
ARG,AR,Argentina,2016,473643779848.176,10789.0752361646
ATG,AG,Antigua and Barbuda,2016,NA,NA
BHS,BS,"Bahamas, The",2016,10378762091.5885,26745.595576886
BLZ,BZ,Belize,2016,1788574891.23488,4904.16882476215
BOL,BO,Bolivia,2016,29272435209.4515,2618.28111304376
BRA,BR,Brazil,2016,1334168980643.64,6565.20698073027
BRB,BB,Barbados,2016,4074036306.67937,14571.0495306811
CHL,CL,Chile,2016,201328971166.61,11021.3245444729
COL,CO,Colombia,2016,240548650516.569,5070.85301009397
CRI,CR,Costa Rica,2016,53343372587.4921,10960.2207741799
CUB,CU,Cuba,2016,78385006060.9253,6957.90038401156
CUW,CW,Curacao,2016,NA,NA
CYM,KY,Cayman Islands,2016,NA,NA
DMA,DM,Dominica,2016,480482604.768214,6902.89062391481
DOM,DO,Dominican Republic,2016,68597038095.9072,6501.20771268986
ECU,EC,Ecuador,2016,78974082894.3743,4784.81780095122
GRD,GD,Grenada,2016,NA,NA
GTM,GT,Guatemala,2016,56360882846.2341,3464.36254798977
GUY,GY,Guyana,2016,3772290962.11545,4940.47651505269
HND,HN,Honduras,2016,18939541147.1973,2012.19469966122
HTI,HT,Haiti,2016,13244557183.7244,1241.11985680347
JAM,JM,Jamaica,2016,12366002304.3756,4400.84568550138
KNA,KN,St. Kitts and Nevis,2016,NA,NA
LCA,LC,St. Lucia,2016,1419675223.53602,8082.59353208169
MAF,MF,St. Martin (French part),2016,NA,NA
MEX,MX,Mexico,2016,850738271614.726,6958.92736281275
NIC,NI,Nicaragua,2016,11504908947.0769,1845.90493812389
PAN,PA,Panama,2016,50088703129.2518,12431.7781078021
PER,PE,Peru,2016,162449866443.486,5262.98407728089
PRI,PR,Puerto Rico (US),2016,NA,NA
PRY,PY,Paraguay,2016,31926224462.9193,5108.91034408961
SLV,SV,El Salvador,2016,20255430802.604,3266.58347352019
SUR,SR,Suriname,2016,2311942541.42043,3933.50064979308
SXM,SX,Sint Maarten (Dutch part),2016,NA,NA
TCA,TC,Turks and Caicos Islands,2016,937942499.887117,24479.7729319357
TTO,TT,Trinidad and Tobago,2016,19093348522.4163,14102.5327092694
URY,UY,Uruguay,2016,51033428049.7018,15101.8509102972
VCT,VC,St. Vincent and the Grenadines,2016,676574176.915899,6361.82923126592
VEN,VE,"Venezuela, RB",2016,NA,NA
VGB,VG,British Virgin Islands,2016,NA,NA
VIR,VI,Virgin Islands (U.S.),2016,NA,NA
ABW,AW,Aruba,2017,2578785125.25219,23716.2378742097
ARG,AR,Argentina,2017,554002069337.642,12508.8260126261
ATG,AG,Antigua and Barbuda,2017,NA,NA
BHS,BS,"Bahamas, The",2017,11077632309.5897,28368.9061285061
BLZ,BZ,Belize,2017,1788055755.89788,4791.12050819095
BOL,BO,Bolivia,2017,31357085228.886,2764.05701052722
BRA,BR,Brazil,2017,1564390551179.1,7642.22874304387
BRB,BB,Barbados,2017,4208542040.64169,15021.3335450196
CHL,CL,Chile,2017,217107246651.451,11698.3022160323
COL,CO,Colombia,2017,262151103833.833,5446.60777873774
CRI,CR,Costa Rica,2017,54100520235.9829,11011.3110592154
CUB,CU,Cuba,2017,82856190368.4842,7366.41625405971
CUW,CW,Curacao,2017,NA,NA
CYM,KY,Cayman Islands,2017,NA,NA
DMA,DM,Dominica,2017,452686395.980711,6608.9464491461
DOM,DO,Dominican Republic,2017,71762027828.5363,6727.57889363669
ECU,EC,Ecuador,2017,80819082075.4766,4822.27933125507
GRD,GD,Grenada,2017,NA,NA
GTM,GT,Guatemala,2017,60997082859.6987,3681.76305126392
GUY,GY,Guyana,2017,4103267486.0482,5339.46599197662
HND,HN,Honduras,2017,20477188994.3786,2135.67964187189
HTI,HT,Haiti,2017,14189148061.3849,1311.65379258808
JAM,JM,Jamaica,2017,13240977878.3248,4702.44590041097
KNA,KN,St. Kitts and Nevis,2017,NA,NA
LCA,LC,St. Lucia,2017,1501396916.31893,8514.1198144454
MAF,MF,St. Martin (French part),2017,NA,NA
MEX,MX,Mexico,2017,909856329249.081,7373.22454599094
NIC,NI,Nicaragua,2017,11916954744.0839,1886.71927041362
PAN,PA,Panama,2017,54241266331.4932,13233.7506270863
PER,PE,Peru,2017,175604093542.119,5605.9418515247
PRI,PR,Puerto Rico (US),2017,NA,NA
PRY,PY,Paraguay,2017,34829795497.7803,5494.81996159761
SLV,SV,El Salvador,2017,20688070304.8099,3329.51805435167
SUR,SR,Suriname,2017,2145542435.18412,3613.77034894658
SXM,SX,Sint Maarten (Dutch part),2017,NA,NA
TCA,TC,Turks and Caicos Islands,2017,907482093.462706,22736.504233275
TTO,TT,Trinidad and Tobago,2017,19697074401.5388,14519.0883618037
URY,UY,Uruguay,2017,56662079899.0801,16722.1828757322
VCT,VC,St. Vincent and the Grenadines,2017,704672569.690351,6669.05699904745
VEN,VE,"Venezuela, RB",2017,NA,NA
VGB,VG,British Virgin Islands,2017,NA,NA
VIR,VI,Virgin Islands (U.S.),2017,NA,NA
ABW,AW,Aruba,2018,2634165034.17004,24187.0664613255
ARG,AR,Argentina,2018,439587197173.017,9844.1016409587
ATG,AG,Antigua and Barbuda,2018,NA,NA
BHS,BS,"Bahamas, The",2018,11074680236.8632,28200.1549127316
BLZ,BZ,Belize,2018,1780520259.98978,4682.79460107878
BOL,BO,Bolivia,2018,33455764585.1017,2907.08157621495
BRA,BR,Brazil,2018,1439512572443.35,6984.28849842098
BRB,BB,Barbados,2018,4288439253.58824,15277.0616526899
CHL,CL,Chile,2018,227546310534.168,12043.8262935133
COL,CO,Colombia,2018,276036495061.459,5630.58658695121
CRI,CR,Costa Rica,2018,55659376522.3664,11226.5872854482
CUB,CU,Cuba,2018,85169474842.1304,7586.04967384599
CUW,CW,Curacao,2018,NA,NA
CYM,KY,Cayman Islands,2018,NA,NA
DMA,DM,Dominica,2018,477321052.120349,7001.51160442909
DOM,DO,Dominican Republic,2018,76696510021.9462,7113.34937993221
ECU,EC,Ecuador,2018,79599885020.6545,4668.73900055259
GRD,GD,Grenada,2018,NA,NA
GTM,GT,Guatemala,2018,62858914183.6065,3731.45492056907
GUY,GY,Guyana,2018,4334632297.30064,5476.09050692641
HND,HN,Honduras,2018,20913806158.0374,2141.66476276879
HTI,HT,Haiti,2018,15620589396.7614,1424.92917099083
JAM,JM,Jamaica,2018,13911271153.7676,4932.90519927775
KNA,KN,St. Kitts and Nevis,2018,NA,NA
LCA,LC,St. Lucia,2018,1618635196.02582,9143.95338315427
MAF,MF,St. Martin (French part),2018,NA,NA
MEX,MX,Mexico,2018,949012341118.881,7618.07875434393
NIC,NI,Nicaragua,2018,11286468900.7733,1763.4887221368
PAN,PA,Panama,2018,55055132794.2527,13209.4486845174
PER,PE,Peru,2018,183693882267.705,5758.86506851757
PRI,PR,Puerto Rico (US),2018,NA,NA
PRY,PY,Paraguay,2018,35889215057.0273,5583.79991371717
SLV,SV,El Salvador,2018,21313885633.4039,3426.77604520589
SUR,SR,Suriname,2018,2789880132.55946,4653.57737456812
SXM,SX,Sint Maarten (Dutch part),2018,NA,NA
TCA,TC,Turks and Caicos Islands,2018,971360386.065585,23373.0452144081
TTO,TT,Trinidad and Tobago,2018,18687632926.4988,13749.0650161521
URY,UY,Uruguay,2018,56354808943.293,16601.6333739161
VCT,VC,St. Vincent and the Grenadines,2018,738951949.090529,7042.60096725815
VEN,VE,"Venezuela, RB",2018,NA,NA
VGB,VG,British Virgin Islands,2018,NA,NA
VIR,VI,Virgin Islands (U.S.),2018,NA,NA
ABW,AW,Aruba,2019,2842228351.01809,26027.0171242373
ARG,AR,Argentina,2019,370477828048.014,8237.6981192802
ATG,AG,Antigua and Barbuda,2019,NA,NA
BHS,BS,"Bahamas, The",2019,11709113685.7282,29667.7359491435
BLZ,BZ,Belize,2019,1862752441.77071,4827.92232250741
BOL,BO,Bolivia,2019,34324896354.2931,2940.9443192345
BRA,BR,Brazil,2019,1414533397119.49,6818.4920461384
BRB,BB,Barbados,2019,4465152428.68021,15878.5251742674
CHL,CL,Chile,2019,220029243677.644,11461.2031329121
COL,CO,Colombia,2019,269080606726.016,5391.53417486232
CRI,CR,Costa Rica,2019,57459966626.1984,11493.0208012993
CUB,CU,Cuba,2019,88404557254.1151,7891.25881531488
CUW,CW,Curacao,2019,NA,NA
CYM,KY,Cayman Islands,2019,NA,NA
DMA,DM,Dominica,2019,515026502.569222,7587.30852341223
DOM,DO,Dominican Republic,2019,79201784818.0885,7270.19205065452
ECU,EC,Ecuador,2019,80158709240.9735,4622.75733351035
GRD,GD,Grenada,2019,NA,NA
GTM,GT,Guatemala,2019,66530789792.2866,3889.82437369552
GUY,GY,Guyana,2019,4710553073.06794,5832.31051620157
HND,HN,Honduras,2019,21898573171.5466,2202.27085729598
HTI,HT,Haiti,2019,13994089544.2649,1260.14265114928
JAM,JM,Jamaica,2019,14183306140.1421,5023.71403246167
KNA,KN,St. Kitts and Nevis,2019,NA,NA
LCA,LC,St. Lucia,2019,1625946752.97464,9151.96218063976
MAF,MF,St. Martin (French part),2019,NA,NA
MEX,MX,Mexico,2019,989328890501.085,7866.61444224569
NIC,NI,Nicaragua,2019,11108606150.7157,1713.32415498163
PAN,PA,Panama,2019,56472425762.5738,13335.6378875892
PER,PE,Peru,2019,195779707013.036,6033.40253604326
PRI,PR,Puerto Rico (US),2019,NA,NA
PRY,PY,Paraguay,2019,33840040283.0872,5194.12724845845
SLV,SV,El Salvador,2019,22200966540.4098,3567.95755864773
SUR,SR,Suriname,2019,2876593588.1887,4748.67207939129
SXM,SX,Sint Maarten (Dutch part),2019,NA,NA
TCA,TC,Turks and Caicos Islands,2019,1038275836.70092,24053.093562084
TTO,TT,Trinidad and Tobago,2019,18445359299.5467,13523.1394036934
URY,UY,Uruguay,2019,54062376813.4075,15913.7764425847
VCT,VC,St. Vincent and the Grenadines,2019,752856023.938336,7227.39470214498
VEN,VE,"Venezuela, RB",2019,NA,NA
VGB,VG,British Virgin Islands,2019,NA,NA
VIR,VI,Virgin Islands (U.S.),2019,NA,NA
ABW,AW,Aruba,2020,2235240728.52526,20584.7912597757
ARG,AR,Argentina,2020,327236387986.867,7241.03030233067
ATG,AG,Antigua and Barbuda,2020,NA,NA
BHS,BS,"Bahamas, The",2020,8673477613.15812,21910.3013243423
BLZ,BZ,Belize,2020,1651532601.28744,4225.90043623901
BOL,BO,Bolivia,2020,31346995786.8091,2652.86074656786
BRA,BR,Brazil,2020,1120080765320.71,5367.94903435073
BRB,BB,Barbados,2020,4049711983.94981,14376.0764504889
CHL,CL,Chile,2020,188296989141.951,9720.74978802701
COL,CO,Colombia,2020,233191071765.861,4605.78877312319
CRI,CR,Costa Rica,2020,55281082435.661,10980.843974094
CUB,CU,Cuba,2020,NA,NA
CUW,CW,Curacao,2020,NA,NA
CYM,KY,Cayman Islands,2020,NA,NA
DMA,DM,Dominica,2020,437053319.74212,6467.86911550649
DOM,DO,Dominican Republic,2020,69503723948.3004,6313.75634278684
ECU,EC,Ecuador,2020,75753567512.4778,4317.41062810823
GRD,GD,Grenada,2020,NA,NA
GTM,GT,Guatemala,2020,67054226185.5679,3863.16590750982
GUY,GY,Guyana,2020,4554729587.43329,5640.6647183442
HND,HN,Honduras,2020,21220622289.828,2096.97403166792
HTI,HT,Haiti,2020,13673208282.7168,1216.06128815658
JAM,JM,Jamaica,2020,12402225278.4665,4381.26767549622
KNA,KN,St. Kitts and Nevis,2020,NA,NA
LCA,LC,St. Lucia,2020,1246308827.52173,6991.91488090732
MAF,MF,St. Martin (French part),2020,NA,NA
MEX,MX,Mexico,2020,828724024427.823,6535.72718632288
NIC,NI,Nicaragua,2020,10689526409.7937,1628.19370633269
PAN,PA,Panama,2020,46755627625.5259,10890.4694183573
PER,PE,Peru,2020,173421351567.794,5281.02484482639
PRI,PR,Puerto Rico (US),2020,NA,NA
PRY,PY,Paraguay,2020,31353709365.8705,4747.87228354581
SLV,SV,El Salvador,2020,20002937559.0053,3208.3378805921802
SUR,SR,Suriname,2020,1933016759.24601,3156.8889304821
SXM,SX,Sint Maarten (Dutch part),2020,NA,NA
TCA,TC,Turks and Caicos Islands,2020,789508666.802865,17787.3353490485
TTO,TT,Trinidad and Tobago,2020,16940185487.6064,12394.7286305631
URY,UY,Uruguay,2020,46847647419.1555,13782.9033457083
VCT,VC,St. Vincent and the Grenadines,2020,723205785.248062,6985.74063759888
VEN,VE,"Venezuela, RB",2020,NA,NA
VGB,VG,British Virgin Islands,2020,NA,NA
VIR,VI,Virgin Islands (U.S.),2020,NA,NA
ABW,AW,Aruba,2021,2662868129.82011,24724.8665721459
ARG,AR,Argentina,2021,411983137959.54,9092.08560830429
ATG,AG,Antigua and Barbuda,2021,NA,NA
BHS,BS,"Bahamas, The",2021,9868277248.65157,24896.4416058903
BLZ,BZ,Belize,2021,1929542245.60458,4880.64188231215
BOL,BO,Bolivia,2021,31712478522.0832,2656.57385905118
BRA,BR,Brazil,2021,1210328882715.66,5775.8395830056
BRB,BB,Barbados,2021,4164575078.91452,14760.3025334826
CHL,CL,Chile,2021,216294036018.233,11116.895712123
COL,CO,Colombia,2021,262457593210.728,5127.30925580657
CRI,CR,Costa Rica,2021,56532369847.645,11172.4316041155
CUB,CU,Cuba,2021,NA,NA
CUW,CW,Curacao,2021,NA,NA
CYM,KY,Cayman Islands,2021,NA,NA
DMA,DM,Dominica,2021,472053855.873865,7024.40189092386
DOM,DO,Dominican Republic,2021,81914377873.2875,7364.09894472623
ECU,EC,Ecuador,2021,78171039766.9199,4420.8252862934
GRD,GD,Grenada,2021,NA,NA
GTM,GT,Guatemala,2021,73724408675.9154,4189.20818789597
GUY,GY,Guyana,2021,5116380907.9429,6274.0574383529
HND,HN,Honduras,2021,24740496571.4959,2404.35299386921
HTI,HT,Haiti,2021,19746452203.7592,1736.01502540481
JAM,JM,Jamaica,2021,13302280442.2294,4687.72767428817
KNA,KN,St. Kitts and Nevis,2021,NA,NA
LCA,LC,St. Lucia,2021,1366615021.79032,7655.16307116389
MAF,MF,St. Martin (French part),2021,NA,NA
MEX,MX,Mexico,2021,950153268146.986,7443.53351798716
NIC,NI,Nicaragua,2021,11611573902.2831,1747.48329577979
PAN,PA,Panama,2021,51479784105.6909,11846.9473169223
PER,PE,Peru,2021,170492332492.267,5142.14438609315
PRI,PR,Puerto Rico (US),2021,NA,NA
PRY,PY,Paraguay,2021,35184118793.8752,5263.78826816433
SLV,SV,El Salvador,2021,23213085149.6738,3710.6608174124
SUR,SR,Suriname,2021,1935667027.22924,3132.6744747162
SXM,SX,Sint Maarten (Dutch part),2021,NA,NA
TCA,TC,Turks and Caicos Islands,2021,849820404.516638,18783.4671555078
TTO,TT,Trinidad and Tobago,2021,20708680377.9956,15142.8168882019
URY,UY,Uruguay,2021,49994553832.2173,14718.5878720984
VCT,VC,St. Vincent and the Grenadines,2021,749251352.166321,7285.53156976615
VEN,VE,"Venezuela, RB",2021,NA,NA
VGB,VG,British Virgin Islands,2021,NA,NA
VIR,VI,Virgin Islands (U.S.),2021,NA,NA
ABW,AW,Aruba,2022,NA,NA
ARG,AR,Argentina,2022,NA,NA
ATG,AG,Antigua and Barbuda,2022,NA,NA
BHS,BS,"Bahamas, The",2022,NA,NA
BLZ,BZ,Belize,2022,NA,NA
BOL,BO,Bolivia,2022,NA,NA
BRA,BR,Brazil,2022,NA,NA
BRB,BB,Barbados,2022,NA,NA
CHL,CL,Chile,2022,NA,NA
COL,CO,Colombia,2022,NA,NA
CRI,CR,Costa Rica,2022,NA,NA
CUB,CU,Cuba,2022,NA,NA
CUW,CW,Curacao,2022,NA,NA
CYM,KY,Cayman Islands,2022,NA,NA
DMA,DM,Dominica,2022,NA,NA
DOM,DO,Dominican Republic,2022,NA,NA
ECU,EC,Ecuador,2022,NA,NA
GRD,GD,Grenada,2022,NA,NA
GTM,GT,Guatemala,2022,NA,NA
GUY,GY,Guyana,2022,NA,NA
HND,HN,Honduras,2022,NA,NA
HTI,HT,Haiti,2022,NA,NA
JAM,JM,Jamaica,2022,NA,NA
KNA,KN,St. Kitts and Nevis,2022,NA,NA
LCA,LC,St. Lucia,2022,NA,NA
MAF,MF,St. Martin (French part),2022,NA,NA
MEX,MX,Mexico,2022,NA,NA
NIC,NI,Nicaragua,2022,NA,NA
PAN,PA,Panama,2022,NA,NA
PER,PE,Peru,2022,NA,NA
PRI,PR,Puerto Rico (US),2022,NA,NA
PRY,PY,Paraguay,2022,NA,NA
SLV,SV,El Salvador,2022,NA,NA
SUR,SR,Suriname,2022,NA,NA
SXM,SX,Sint Maarten (Dutch part),2022,NA,NA
TCA,TC,Turks and Caicos Islands,2022,NA,NA
TTO,TT,Trinidad and Tobago,2022,NA,NA
URY,UY,Uruguay,2022,NA,NA
VCT,VC,St. Vincent and the Grenadines,2022,NA,NA
VEN,VE,"Venezuela, RB",2022,NA,NA
VGB,VG,British Virgin Islands,2022,NA,NA
VIR,VI,Virgin Islands (U.S.),2022,NA,NA
ABW,AW,Aruba,2023,NA,NA
ARG,AR,Argentina,2023,NA,NA
ATG,AG,Antigua and Barbuda,2023,NA,NA
BHS,BS,"Bahamas, The",2023,NA,NA
BLZ,BZ,Belize,2023,NA,NA
BOL,BO,Bolivia,2023,NA,NA
BRA,BR,Brazil,2023,NA,NA
BRB,BB,Barbados,2023,NA,NA
CHL,CL,Chile,2023,NA,NA
COL,CO,Colombia,2023,NA,NA
CRI,CR,Costa Rica,2023,NA,NA
CUB,CU,Cuba,2023,NA,NA
CUW,CW,Curacao,2023,NA,NA
CYM,KY,Cayman Islands,2023,NA,NA
DMA,DM,Dominica,2023,NA,NA
DOM,DO,Dominican Republic,2023,NA,NA
ECU,EC,Ecuador,2023,NA,NA
GRD,GD,Grenada,2023,NA,NA
GTM,GT,Guatemala,2023,NA,NA
GUY,GY,Guyana,2023,NA,NA
HND,HN,Honduras,2023,NA,NA
HTI,HT,Haiti,2023,NA,NA
JAM,JM,Jamaica,2023,NA,NA
KNA,KN,St. Kitts and Nevis,2023,NA,NA
LCA,LC,St. Lucia,2023,NA,NA
MAF,MF,St. Martin (French part),2023,NA,NA
MEX,MX,Mexico,2023,NA,NA
NIC,NI,Nicaragua,2023,NA,NA
PAN,PA,Panama,2023,NA,NA
PER,PE,Peru,2023,NA,NA
PRI,PR,Puerto Rico (US),2023,NA,NA
PRY,PY,Paraguay,2023,NA,NA
SLV,SV,El Salvador,2023,NA,NA
SUR,SR,Suriname,2023,NA,NA
SXM,SX,Sint Maarten (Dutch part),2023,NA,NA
TCA,TC,Turks and Caicos Islands,2023,NA,NA
TTO,TT,Trinidad and Tobago,2023,NA,NA
URY,UY,Uruguay,2023,NA,NA
VCT,VC,St. Vincent and the Grenadines,2023,NA,NA
VEN,VE,"Venezuela, RB",2023,NA,NA
VGB,VG,British Virgin Islands,2023,NA,NA
VIR,VI,Virgin Islands (U.S.),2023,NA,NA
ABW,AW,Aruba,2024,NA,NA
ARG,AR,Argentina,2024,NA,NA
ATG,AG,Antigua and Barbuda,2024,NA,NA
BHS,BS,"Bahamas, The",2024,NA,NA
BLZ,BZ,Belize,2024,NA,NA
BOL,BO,Bolivia,2024,NA,NA
BRA,BR,Brazil,2024,NA,NA
BRB,BB,Barbados,2024,NA,NA
CHL,CL,Chile,2024,NA,NA
COL,CO,Colombia,2024,NA,NA
CRI,CR,Costa Rica,2024,NA,NA
CUB,CU,Cuba,2024,NA,NA
CUW,CW,Curacao,2024,NA,NA
CYM,KY,Cayman Islands,2024,NA,NA
DMA,DM,Dominica,2024,NA,NA
DOM,DO,Dominican Republic,2024,NA,NA
ECU,EC,Ecuador,2024,NA,NA
GRD,GD,Grenada,2024,NA,NA
GTM,GT,Guatemala,2024,NA,NA
GUY,GY,Guyana,2024,NA,NA
HND,HN,Honduras,2024,NA,NA
HTI,HT,Haiti,2024,NA,NA
JAM,JM,Jamaica,2024,NA,NA
KNA,KN,St. Kitts and Nevis,2024,NA,NA
LCA,LC,St. Lucia,2024,NA,NA
MAF,MF,St. Martin (French part),2024,NA,NA
MEX,MX,Mexico,2024,NA,NA
NIC,NI,Nicaragua,2024,NA,NA
PAN,PA,Panama,2024,NA,NA
PER,PE,Peru,2024,NA,NA
PRI,PR,Puerto Rico (US),2024,NA,NA
PRY,PY,Paraguay,2024,NA,NA
SLV,SV,El Salvador,2024,NA,NA
SUR,SR,Suriname,2024,NA,NA
SXM,SX,Sint Maarten (Dutch part),2024,NA,NA
TCA,TC,Turks and Caicos Islands,2024,NA,NA
TTO,TT,Trinidad and Tobago,2024,NA,NA
URY,UY,Uruguay,2024,NA,NA
VCT,VC,St. Vincent and the Grenadines,2024,NA,NA
VEN,VE,"Venezuela, RB",2024,NA,NA
VGB,VG,British Virgin Islands,2024,NA,NA
VIR,VI,Virgin Islands (U.S.),2024,NA,NA
ABW,AW,Aruba,2025,NA,NA
ARG,AR,Argentina,2025,NA,NA
ATG,AG,Antigua and Barbuda,2025,NA,NA
BHS,BS,"Bahamas, The",2025,NA,NA
BLZ,BZ,Belize,2025,NA,NA
BOL,BO,Bolivia,2025,NA,NA
BRA,BR,Brazil,2025,NA,NA
BRB,BB,Barbados,2025,NA,NA
CHL,CL,Chile,2025,NA,NA
COL,CO,Colombia,2025,NA,NA
CRI,CR,Costa Rica,2025,NA,NA
CUB,CU,Cuba,2025,NA,NA
CUW,CW,Curacao,2025,NA,NA
CYM,KY,Cayman Islands,2025,NA,NA
DMA,DM,Dominica,2025,NA,NA
DOM,DO,Dominican Republic,2025,NA,NA
ECU,EC,Ecuador,2025,NA,NA
GRD,GD,Grenada,2025,NA,NA
GTM,GT,Guatemala,2025,NA,NA
GUY,GY,Guyana,2025,NA,NA
HND,HN,Honduras,2025,NA,NA
HTI,HT,Haiti,2025,NA,NA
JAM,JM,Jamaica,2025,NA,NA
KNA,KN,St. Kitts and Nevis,2025,NA,NA
LCA,LC,St. Lucia,2025,NA,NA
MAF,MF,St. Martin (French part),2025,NA,NA
MEX,MX,Mexico,2025,NA,NA
NIC,NI,Nicaragua,2025,NA,NA
PAN,PA,Panama,2025,NA,NA
PER,PE,Peru,2025,NA,NA
PRI,PR,Puerto Rico (US),2025,NA,NA
PRY,PY,Paraguay,2025,NA,NA
SLV,SV,El Salvador,2025,NA,NA
SUR,SR,Suriname,2025,NA,NA
SXM,SX,Sint Maarten (Dutch part),2025,NA,NA
TCA,TC,Turks and Caicos Islands,2025,NA,NA
TTO,TT,Trinidad and Tobago,2025,NA,NA
URY,UY,Uruguay,2025,NA,NA
VCT,VC,St. Vincent and the Grenadines,2025,NA,NA
VEN,VE,"Venezuela, RB",2025,NA,NA
VGB,VG,British Virgin Islands,2025,NA,NA
VIR,VI,Virgin Islands (U.S.),2025,NA,NA
