iso3c,iso2c,country,sp_ado_tfrt,sh_hiv_incd_tl,sh_hiv_incd,sp_pop_dpnd,sp_pop_dpnd_yg,sh_hiv_artc_zs,sp_dyn_cbrt_in,sh_sta_brtc_zs,sh_xpd_chex_gd_zs,sh_xpd_chex_pc_cd,sh_xpd_chex_pp_cd,sp_dyn_cdrt_in,sh_xpd_ghed_gd_zs,sh_xpd_ghed_ch_zs,sh_xpd_ghed_ge_zs,sh_xpd_ghed_pc_cd,sh_xpd_ghed_pp_cd,sh_xpd_pvtd_ch_zs,sh_xpd_pvtd_pc_cd,sh_xpd_pvtd_pp_cd,sh_xpd_ehex_ch_zs,sh_xpd_ehex_pc_cd,sh_xpd_ehex_pp_cd,sp_dyn_tfrt_in,sh_imm_idpt,sh_imm_hepb,sh_imm_meas,sh_hiv_incd_yg_p3,sh_hiv_incd_zs,sh_hiv_incd_tl_p3,sh_tbs_incd,sp_dyn_le00_fe_in,sp_dyn_le00_ma_in,sp_dyn_le00_in,sh_mmr_risk_zs,sh_mmr_risk,sh_sta_brtw_zs,sh_sta_mmrt,sh_sta_mmrt_ne,sh_sta_traf_p5,sh_dyn_ncom_zs,sh_dyn_ncom_fe_zs,sh_dyn_ncom_ma_zs,sh_sta_pois_p5,sh_sta_pois_p5_fe,sh_sta_pois_p5_ma,sp_dyn_amrt_fe,sp_dyn_amrt_ma,sp_dyn_imrt_in,sp_dyn_imrt_fe_in,sp_dyn_imrt_ma_in,sh_dyn_nmrt,sh_dyn_mort,sh_dyn_mort_fe,sh_dyn_mort_ma,sm_pop_netm,sh_dth_imrt,sh_mmr_dths,sh_dth_nmrt,sh_dth_mort,sh_xpd_oopc_ch_zs,sh_xpd_oopc_pc_cd,sh_xpd_oopc_pp_cd,sh_sta_odfc_zs,sh_sta_odfc_ru_zs,sh_sta_odfc_ur_zs,sh_h2o_basw_zs,sh_h2o_basw_ru_zs,sh_h2o_basw_ur_zs,sh_sta_bass_zs,sh_sta_bass_ru_zs,sh_sta_bass_ur_zs,sp_pop_0014_to_zs,sp_pop_0014_fe_in,sp_pop_0014_fe_zs,sp_pop_0014_ma_in,sp_pop_0014_ma_zs,sp_pop_0014_to,sp_pop_0004_fe_5y,sp_pop_0004_ma_5y,sp_pop_0509_fe_5y,sp_pop_0509_ma_5y,sp_pop_1014_fe_5y,sp_pop_1014_ma_5y,sp_pop_1519_fe_5y,sp_pop_1519_ma_5y,sp_pop_1564_to_zs,sp_pop_1564_fe_in,sp_pop_1564_fe_zs,sp_pop_1564_ma_in,sp_pop_1564_ma_zs,sp_pop_1564_to,sp_pop_2024_fe_5y,sp_pop_2024_ma_5y,sp_pop_2529_fe_5y,sp_pop_2529_ma_5y,sp_pop_3034_fe_5y,sp_pop_3034_ma_5y,sp_pop_3539_fe_5y,sp_pop_3539_ma_5y,sp_pop_4044_fe_5y,sp_pop_4044_ma_5y,sp_pop_4549_fe_5y,sp_pop_4549_ma_5y,sp_pop_5054_fe_5y,sp_pop_5054_ma_5y,sp_pop_5559_fe_5y,sp_pop_5559_ma_5y,sp_pop_6064_fe_5y,sp_pop_6064_ma_5y,sp_pop_65up_to_zs,sp_pop_65up_fe_in,sp_pop_65up_fe_zs,sp_pop_65up_ma_in,sp_pop_65up_ma_zs,sp_pop_65up_to,sp_pop_6569_fe_5y,sp_pop_6569_ma_5y,sp_pop_7074_fe_5y,sp_pop_7074_ma_5y,sp_pop_7579_fe_5y,sp_pop_7579_ma_5y,sp_pop_80up_fe_5y,sp_pop_80up_ma_5y,sp_pop_grow,sp_pop_totl_fe_in,sp_pop_totl_fe_zs,sp_pop_totl_ma_in,sp_pop_totl_ma_zs,sp_pop_totl,sh_hiv_1524_fe_zs,sh_hiv_1524_ma_zs,sh_dyn_aids_zs,sh_anm_chld_zs,sh_anm_nprg_zs,sh_prg_anem,sh_anm_allw_zs,sh_sta_owgh_me_zs,sh_sta_stnt_me_zs,sn_itk_defc_zs,sp_pop_brth_mf,sh_sta_suic_p5,sh_sta_suic_fe_p5,sh_sta_suic_ma_p5,sp_dyn_to65_fe_zs,sp_dyn_to65_ma_zs,sh_alc_pcap_li,sh_alc_pcap_fe_li,sh_alc_pcap_ma_li,sh_tbs_dtec_zs,sh_tbs_cure_zs,sh_dyn_aids_fe_zs,sh_hiv_incd_yg
ATG,AG,Antigua and Barbuda,32.932,100,100,42.0142359533545,25.277903983038,NA,11.848,99,3.91348195,841.24884033,1241.35033031918,6.893,2.30815935,58.97968292,12.27995205,496.16586761,732.144472421221,41.02031708,345.08292966,509.205844193301,0,0,0,1.578,99,99,97,0.52,0.73,0.43,1.1,80.294,74.549,77.598,0.047449099184204,2108,15.35550278,35,0,0,12.1,11.6,12.8,0.52,0.005,1.09,90.781,126.127,7.3,6.7,7.9,5.4,9.3,8.5,10.1,9,8,0,6,10,20.80756378,175.04337237,258.294747553929,0.142707421101563,0,0.586356401277371,98.9227269324043,98.982713546268,98.736251536324,99.6057190215246,100,98.3799890682237,17.7996512799731,8223,16.7333150177559,8468,18.9736293773665,16691,5.50179594411714,6.23977774292564,5.25351811715864,5.95859565792127,5.97800095648015,6.77525597651962,6.52645074635978,7.38018954585172,70.4158512981023,34380,69.965505662566,31650,70.9116572939305,66030,6.72690456566643,7.58967580041673,7.3191082348871,8.07922389263549,7.40865105772459,7.78571908677436,7.40865105772459,7.58855555306612,6.92837591705078,7.09676696614612,6.89479735848672,6.60161763717429,7.17360114777618,6.71364237223579,7.29265240086694,6.61954159478413,6.28631317602287,5.45672484484574,11.7844974219246,6536,13.3011793196781,4515,10.114713328703,11051,4.85769813893383,4.1852441018977,3.43518829431098,2.86783321757444,2.31488547676465,1.67476978916945,2.69340740966859,1.38686622006139,0.487472101887911,49139,52.4026361813761,44633,47.5973638186239,93772,0.2,0.2,1.1,17.2,20.2,25.2,20.3,NA,NA,NA,1.032,1.46,1.28,1.65,86.700818,79.547797,6.66,2.78,11.04,100,0,NA,100
ARG,AR,Argentina,26.414,4900,4600,51.5609570038159,32.7431422852471,79,11.064,98.8,10.2695179,1456.98596191,3089.30758524707,7.668,6.18493843,60.22618103,16.34729767,877.48707575,1860.57202041853,38.92549896,567.13911945,1202.52845484482,0.84831756,12.35986912,26.2071400234193,1.5,75,75,82,0.16,0.2,0.11,44,79.875,74.805,77.395,0.045677677466147,2189,7.361601633,33,34.3,14.1,13.4,10.9,16.1,0.27,0.17,0.38,82.434,123.699,8.2,7.4,8.9,5,9.6,8.8,10.5,3454,4082,170,2519,4920,24.46961784,356.51891705,755.941757043083,1.52803308009116,7.68874074007012,0,99.0413738458383,92.9836600501062,99.8173132584821,94.8209557204549,76.774394263034,98.4695992601004,21.6039426858612,4805559,20.8797122402122,5066613,22.3388617090402,9872172,5.51776607940237,5.87922888224962,7.53655593863886,8.05400623988334,7.82539022217101,8.40562658690727,7.51140543808264,8.05332063531955,65.9800531593914,14937048,64.9001008952835,15213302,67.0759439325374,30150350,7.36047202038857,7.80888166542387,7.43805035457383,7.84288632907806,7.41425546534585,7.78329164041914,6.98609953102583,7.29972658486809,6.8250316151807,7.0532484374113,6.44372248003097,6.63297063529199,5.55146518665193,5.54596995134081,4.83466831721036,4.72987786428667,4.53493048679286,4.3257701890979,12.4160041547474,3272839,14.2201868645042,2400798,10.5851943584224,5673637,4.07858696115237,3.66971055252343,3.52145894714665,2.89003486993629,2.80049748328802,2.03297184777595,3.8196434729172,1.99247708818671,0.345829819817895,23015446,50.3662594486333,22680713,49.6337405513667,45696159,0.1,0.1,0.4,19,23.5,24.4,23.5,14.3,10.7,3.4,1.051,7.94,3.37,12.58,86.547636,80.166912,8.05,3.71,12.59,78,52,35.682759738449,1100
ABW,AW,Aruba,18.788,NA,NA,51.2895227154925,25.4850594679405,NA,7.973,96,NA,NA,NA,7.582,NA,NA,NA,NA,NA,NA,NA,NA,NA,NA,NA,1.602,NA,NA,NA,NA,NA,NA,8.3,78.779,73.702,76.353,NA,NA,NA,NA,0,NA,NA,NA,NA,NA,NA,NA,59.277,116.237,NA,NA,NA,NA,NA,NA,NA,141,NA,NA,NA,NA,NA,NA,NA,0.857771138864969,NA,NA,96.7397757541097,NA,NA,98.8400017151311,NA,NA,16.8448764869454,8919,15.6524865609078,9273,18.1766538032087,18192,4.46625099751826,5.18913201042136,5.26865030298247,6.11275441242727,5.91758526040708,6.87476738036005,6.02106407794235,7.02266449881486,66.098801190019,37416,65.6643252391851,33968,66.5840662892515,71383,5.64134943393579,6.81012360673079,4.92752098076873,5.80422731101491,5.86935360816606,6.21461732844914,6.14909719116396,6.35957609355717,6.55161225259355,6.15095300593547,7.05234449676848,6.34096652236087,7.41890505380022,6.86987012478207,8.0275008111687,7.51826676330584,8.00557733287733,7.49280103430038,17.0563223230356,10646,18.683188199907,7774,15.2392799075398,18420,7.04883674024186,6.13234343473917,5.23795743337455,4.72976943720739,3.45163242219358,2.72679190581598,2.94476160409706,1.65037512977727,0.590657103226071,56980,52.7612755168138,51015,47.2387244831862,107995,NA,NA,NA,NA,NA,NA,NA,NA,NA,NA,1.043,NA,NA,NA,89.187852,80.853894,NA,NA,NA,100,93,NA,NA
BHS,BS,"Bahamas, The",24.564,100,100,42.2242936331287,25.4763457476218,74,10.852,99,6.30260801,2262.33447266,2315.62457132367,8.713,3.18650889,50.55857849,13.4813118,1143.8040243,1170.7467949348,48.92816544,1106.91863325,1132.9925534279,0.51326126,11.6116861,11.8852041011723,1.373,90,90,86,0.24,0.19,0.13,18,78.187,70.906,74.552,0.0929847216468503,1075,15.39718187,76,212.1,7.7,20.4,17.9,23.2,0.16,0.12,0.2,121.419,207.906,11.4,10.5,12.2,9.2,12.7,11.7,13.6,1018,49,3,40,55,27.48377991,621.77497793,636.42114130499,0.126148951232949,NA,NA,98.9452612148878,NA,NA,93.7100445402837,NA,NA,17.9127947109646,35516,16.9377068569194,36365,18.9799422746703,71881,5.13029005274553,5.75765800090816,5.47103764676707,6.14023184079083,6.33637915740679,7.08205243297129,6.80875213414343,7.51942880107726,70.3113513405751,146848,70.0323340614061,135299,70.6167111176062,282148,6.85381952061654,7.36545979321179,7.79785011874899,8.17236178019489,8.28977614146867,8.47351472100294,7.52076915006247,7.43592018664175,6.98830632469502,6.79994989483134,6.82401304808142,6.64598088696587,6.90651736405864,6.76211005391525,6.59891456749616,6.37092438816892,5.44361569203476,5.07106061159621,11.7758539484603,27322,13.0299590816745,19932,10.4033466077235,47254,3.99645183750942,3.60496249941283,3.03239128983337,2.51882858291101,2.63489217210496,2.01829882513818,3.36622378222676,2.26125670026149,0.460334786075668,209686,52.2538956297675,191597,47.7461043702325,401283,0.2,0.3,1.1,17.9,18.6,24.1,18.8,NA,NA,NA,1.028,3.25,0.83,5.89,82.985503,72.232903,3.65,1.52,6.03,77,70,45.7311889821474,100
BRB,BB,Barbados,45.332,100,100,51.0381409176706,26.0409481490987,60,11.173,98.4,5.40463829,1286.47680664,1153.10213713461,10.613,2.25056767,41.64141464,7.80843592,535.7071287,480.168025833006,57.48397827,739.51806366,662.848989057547,0.87460673,11.25161333,10.0851093231253,1.708,94,94,88,0.63,0.55,0.35,1,78.615,73.631,76.178,0.0501869682070716,1993,NA,35,178.3,8.2,14,12.6,15.5,0.11,0.12,0.11,82.669,135.207,9.3,8.6,10,6.9,10,9.2,10.8,-70,29,1,22,32,49.49338913,636.72099856,570.709345655179,0,NA,NA,99.1626347450814,NA,NA,98.0924623115578,NA,NA,17.2412755449742,23947,16.2855462122011,24754,18.2790220272775,48701,5.25623195699261,5.89412433633873,5.38544454229842,6.04254816390126,5.64386971291004,6.34234952703751,6.09475362900346,6.82528078686781,66.2085018630462,96172,65.4033302843697,90846,67.0827702827437,187017,6.2664703542125,7.03314798815563,6.10393452322256,6.62959763112617,6.47287045758257,6.87733989056512,6.28177184457766,6.60227583202263,6.6340461560956,6.70565561241443,6.53543655152012,6.53655582877355,6.98087993770593,6.87844753106932,6.92103410872219,6.5594470658603,7.11213272172709,6.43502211588873,16.5502225919796,26925,18.3111235034292,19823,14.6382076899788,46749,6.32325588512321,5.56257061208214,4.86723406859828,4.12706851864159,3.45167619326122,2.77833159802988,3.66895735644652,2.1702369612252,0.0463878564204179,147044,52.0570544523785,135423,47.9429455476215,282467,0.3,0.5,1,20,19.9,25.4,20.1,13,5.8,4.4,1.035,3.5,1.04,6.17,87.3671,79.353469,8.22,3.35,13.64,100,100,37.4956967145243,100
BLZ,BZ,Belize,55.232,200,200,46.203569976303,38.8585470504929,50,18.025,94.6,4.14735794,309.40835571,573.336236342235,4.925,2.69897199,65.07689667,10.87746048,201.35335536,373.109425000716,33.32776642,103.11889763,191.080166177964,1.59533632,4.93610368,9.1466407463246,2.007,88,88,84,0.51,0.75,0.47,34,76.495,70.928,73.566,0.13651823177749,733,11.5589646,67,78.83,22.6,15.4,16.8,14,0.21,0.23,0.2,102.326,190.839,10.8,9.7,12,9.3,12.7,11.4,14,490,78,5,69,92,26.78139114,82.86385869,153.547412288284,0.570415497329849,0.439085649389654,0.722148509211394,94.8473253067341,91.2952795847606,98.87896,84.3017658171591,76.3545501796255,93.3220001457918,26.5784164106154,54117,26.1901132219746,56734,26.9596848537839,110851,8.38021676478915,8.63468319061784,9.16689049724265,9.43846760627631,8.6430059599428,8.88653405688978,9.17076216125965,9.34366713868904,68.3977447511997,141620,68.5381322608824,143648,68.2599005901864,285268,9.52864910383077,9.70718772868534,9.29997894782691,9.51449805647162,8.72963444232309,8.93571625435987,7.74284407599108,7.74227578145047,6.63627410413324,6.44785736687543,5.60641147561215,5.38485663508235,4.88144238842953,4.58226019520818,3.85980704594455,3.67844821851151,3.08232851553142,2.92313321485255,5.02383883818482,10893,5.271754517143,10060,4.78041455602969,20953,2.18337652658502,2.01932123815588,1.45380983838222,1.31603957384933,0.855395768755187,0.764818809933378,0.779172383420567,0.680234934091103,1.44077799785791,206630,49.543004565159,210442,50.456995434841,417072,0.3,0.3,1.2,20.2,21.1,26.8,21.3,5.6,11.7,7,1.052,4.18,1.48,6.84,83.520014,71.012808,3.67,1.48,5.85,52,67,46.5535014613291,100
BOL,BO,Bolivia,64.848,1900,1800,54.8659781441531,46.1292534820881,60,21.247,81.1,6.91864729,255.04104614,755.882068996814,7.172,4.65502548,67.28231049,12.02977371,171.59748467,508.574875184743,31.49112511,80.31528897,238.035762249084,1.22657216,3.12826211,9.27143841445474,2.547,59,59,67,0.11,0.27,0.16,114,71.145,66.128,68.581,0.368770269322554,271,7.933435546,146,160,21.1,19.9,18.9,21,0.39,0.27,0.51,148.197,229.038,20,17.9,22,12.2,23.1,20.8,25.3,-3000,5198,380,3185,5993,27.31554413,69.66584104,206.473285308964,7.09436187275776,24.9318624804173,0,93.3877494672031,78.7377798629983,99.2143561459865,71.5839204142996,53.2716030878257,78.8671234053775,29.7865638630777,1816709,29.3296628509116,1880791,30.2416197026779,3697500,9.93430118453861,10.2552082332571,9.75496115294886,10.0595645865624,9.6404005134241,9.92684688285846,9.37573734487152,9.62022460871472,64.5719616395781,3989315,64.4050761535232,4026206,64.738173166696,8015521,8.9575651795713,9.12951159193632,8.61049293767399,8.71158910637524,8.07006732778509,8.13829332654577,7.0588226747084,7.14857042660766,6.04170146120513,6.08207739384493,5.23063925595641,5.20362254692734,4.39684574004664,4.36592042838844,3.67170401444149,3.5632950811883,2.99150021726322,2.77506865616733,5.64147449734418,388077,6.26526099556521,312217,5.02020713062604,700294,2.28318902529738,2.02166977490971,1.63271513478271,1.35881285991778,1.1655205086712,0.8905946417196828,1.18383632681393,0.749129854078863,1.37206798819615,6194100,49.8988344452038,6219215,50.1011655547962,12413315,0.1,0.1,0.4,36.9,24.9,25.5,24.9,9.9,10.7,21.8,1.042,4.2,2.35,6.03,75.185459,65.016836,3.59,1.66,5.54,66,79,26.961422519696,500
BRA,BR,Brazil,42.686,55000,NA,44.3299763860952,28.3826912498763,73,12.322,98.4,9.73092747,1009.83563232,2070.43822679684,7.077,4.29392195,44.12654495,9.47691154,445.6055761,913.61281555328,55.85463715,564.04005041999994,1156.43574988923,0.01882005,0.19005153,0.389657399593432,1.619,91,90,93,NA,0.47,0.27,49,78.983,72.76,75.848,0.0964280845728622,1037,8.698070886,67,57.7,16,14.5,12,17.3,0.14,0.08,0.19,85.735,168.837,12.5,11,13.8,7.6,14.4,12.8,16,-225510,32589,1700,19804,38010,26.23070717,264.88702651,543.090560514392,0,0,0,99.9999987323028,100,100,92.4012701604853,66.973807452025,95.8634009522858,19.6651396335929,20423238,18.9624723786137,21266577,20.3907698728525,41689815,5.95482844095007,6.40685981102203,6.45654446992186,6.94331493061832,6.55109946774177,7.04059513121218,6.77909168847419,7.26345839121635,69.285675877437,74151037,68.8474080573952,72733607,69.7382661765625,146884644,7.20527903582443,7.64200103786258,7.54917004496666,7.90168721032561,7.45710428947194,7.71663060968971,7.782739616929,7.95182474408821,7.767644000985651,7.82063403964891,7.03985351704895,6.97323962949061,6.26517224417187,6.10465391102966,5.7512992236354,5.48869650830636,5.25005439588705,4.8754400949045396,11.0491844889702,13129180,12.1901195639911,10294934,9.87096395058492,23424113,4.30833112870738,3.82902438443955,3.31024616011508,2.75877150836533,2.22133587905172,1.71902053938901,2.35020639611697,1.56414751839103,0.405467027627251,107703455,50.8038584769153,104295118,49.1961415230847,211998573,NA,NA,0.7,11.6,21.2,23.1,21.3,10.9,8.9,2.5,1.045,7.59,3.9,11.4,86.379739,75.790679,7.7,3.27,12.37,89,65,32.8017076547567,NA
VGB,VG,British Virgin Islands,15.27,NA,NA,31.7775106837607,19.0972222222222,NA,8.332,100,NA,NA,NA,5.972,NA,NA,NA,NA,NA,NA,NA,NA,NA,NA,NA,1.045,NA,NA,NA,NA,NA,NA,0,80.049,74.526,77.276,NA,NA,NA,NA,415,NA,NA,NA,NA,NA,NA,NA,50.306,102.19,11.6,11.8,11.5,6.6,12.7,12.6,12.8,212,4,NA,2,4,NA,NA,NA,0,NA,NA,99.8643835616439,NA,NA,96.8579794836767,NA,NA,14.4916520990094,2817,13.5566303327799,2903,15.5311237728379,5720,3.87641666065112,4.50472139742664,4.533314083592,5.2189497900115,5.14689958853678,5.80745258539978,6.30188406843283,7.34825990423454,75.8848268348914,15877,76.4070357804567,14076,75.3042826953428,29952,6.06848095478717,6.40130540620068,7.02374936836786,7.08878367172244,8.33032556125027,7.79231201348206,9.77646237878679,8.69914132092127,10.3298924420703,9.80927159404007,9.17009552684136,8.67506620656448,7.7937390216319,7.54086081908889,6.36203951009408,6.44410560950164,5.25036694819413,5.50517614958671,9.62352106609916,2085,10.0363338867634,1713,9.16459353181928,3798,3.99432132630718,3.87876842415001,2.74790057508602,2.57336222347056,1.73007050217763,1.63710777626194,1.56404148319257,1.07535510793676,1.23892682902476,20779,52.6437131058245,18692,47.3562868941755,39471,NA,NA,NA,NA,NA,NA,NA,NA,NA,NA,1.053,NA,NA,NA,90.590465,82.034032,NA,NA,NA,100,100,NA,NA
CYM,KY,Cayman Islands,11.338,NA,NA,33.6630464051701,21.6371959429136,NA,11.838,100,NA,NA,NA,4.801,NA,NA,NA,NA,NA,NA,NA,NA,NA,NA,NA,1.531,NA,NA,NA,NA,NA,NA,4.9,82.867,77.981,80.358,NA,NA,NA,NA,0,NA,NA,NA,NA,NA,NA,NA,87.007,122.815,NA,NA,NA,NA,NA,NA,NA,896,NA,NA,NA,NA,NA,NA,NA,0,NA,0,95.4601226993865,NA,95.4601226993865,83.2442168711656,NA,83.2442168711656,16.1877581170466,5964,16.0832749042662,6089,16.2914208505572,12053,5.75211693004692,5.87818223167583,5.12512809449329,5.07685515912831,5.20602987972601,5.33638345975305,5.18445607033062,5.2614680740057,74.814491488433,27507,74.1788468798878,28198,75.4451445465613,55705,5.13591499919098,5.09290845607417,6.61506930586268,6.71696699709703,8.77379860848929,8.72362911532956,9.34954964672887,9.58381827667857,9.37112345612427,9.55304945753234,8.77245024540208,9.21726799641476,8.27894935548244,8.51761180452436,7.21509087967208,7.29889901138446,5.4824443126045,5.4795253575203,8.99775039452036,3611,9.73787821584596,3088,8.26343460288157,6699,3.89811768513025,3.35112573744833,2.52548406234831,2.19930168158286,1.52904374089855,1.42071677970863,1.78523272746885,1.29229040414175,1.92419238887509,37082,49.802573262779,37375,50.197426737221,74457,NA,NA,NA,NA,NA,NA,NA,NA,NA,NA,1.036,NA,NA,NA,87.907647,82.918287,NA,NA,NA,100,100,NA,NA
CHL,CL,Chile,6.542,4000,3800,45.1405085154006,24.6247745577808,71,8.963,99.8,10.53092575,1759.70605469,3611.90416214736,6.495,5.10949755,48.51898193,19.29641342,853.79141258,1752.45905790158,51.48102188,905.91463804,1859.44516391533,0,0,0,1.167,95,95,93,0.37,0.38,0.2,19,83.084,79.24,81.167,0.0107895075108553,9268,6.83669713,10,14.2,14.9,9.4,7.6,11.2,0.42,0.29,0.55,57.246,98.032,6.2,5.7,6.7,4.6,7.2,6.6,7.7,58316,1131,17,818,1320,39.14786911,688.88739019,1413.98347304397,0,0,0,99.0811612150969,93.605550547346,99.8196489618056,99.9999955987514,100,100,16.9661637626319,1644951,16.5466013198948,1708372,17.390760617783,3353323,4.62125637710677,4.86681917929233,5.79958048841087,6.08350997699484,6.12576445437717,6.44043146149586,5.98732210930689,6.3001955830381,68.8987499804893,6778980,68.1899264408734,6838700,69.6160788334118,13617680,6.58888694135011,6.85662438925473,7.67983837160498,7.9499420213817,8.22433836142022,8.5148607174527,7.80828204698117,8.06104352961979,7.08273471663353,7.28079313080366,6.67232654407902,6.807782073282,6.44164797993426,6.47956741059072,6.13364569955355,6.03348681303278,5.5709036700097,5.33178316495561,14.1350862568788,1517391,15.2634722392318,1276376,12.9931605488052,2793767,4.78297530333615,4.47113839548615,3.86557724085503,3.49399686403421,2.77389150186004,2.34514883723629,3.84102819318053,2.68287645204856,0.537425495656651,9941322,50.2981921572381,9823449,49.7018078427619,19764771,0.1,0.3,0.7,20.1,15.6,21.4,15.7,8.7,1.7,2.5,1.043,7.69,3.14,12.3,90.719662,84.889757,7.56,3.46,11.77,82,69,16.2936116061458,940
COL,CO,Colombia,59.473,12000,11000,42.9603769785689,28.9810884393057,66,13.475,98.8,8.14139366,644.30908203,1757.86920291765,5.398,5.68002081,69.76717377,17.24350166,449.51626359,1226.41575952363,30.23282051,194.79280695,531.453448134457,0.01337293,0.07638015,0.228507430087662,1.645,89,89,93,0.28,0.42,0.24,49,80.452,74.95,77.725,0.092176010918302,1085,10.95282506,59,48.46,15.4,10.3,9.1,11.5,0.19,0.072,0.31,66.198,122.668,10.9,9.7,12.1,6.5,12,10.7,13.3,141643,7724,420,4615,8500,14.73741817,94.95452183,259.064535448585,2.09220277255289,9.90477088111584,0.452406993425654,97.0965711084738,83.6703132622771,99.9146394731801,96.5820151977995,87.1094486482778,98.5702352104264,20.2721132452225,5250064,19.5963046224469,5471119,20.9659420481599,10721183,6.48607940281045,6.94111958176024,6.42304912394015,6.86574768919342,6.68717609569629,7.15907477720629,7.27256283543799,7.76041935413471,69.9494511472697,18661303,69.654880062373,18332418,70.251876858227,36993721,8.03809154177067,8.44304685620918,8.55479500424992,8.83624261199965,8.39443013371758,8.59978981249534,7.57346322426872,7.71629641791617,7.0662311935624,7.08890306046442,6.32706572766799,6.23049467027005,5.81911330825933,5.61398834267733,5.61223111025112,5.3275169028228,4.99689598318725,4.63517882923732,9.77843560750778,2879725,10.7488153151801,2291734,8.78218109361307,5171459,3.95717165989352,3.5511644322229,2.89599617663961,2.48971542603034,1.95280020687473,1.55084035052097,1.94284727177227,1.19046088483885,1.07447920962035,26791092,50.6578453882336,26095271,49.3421546117664,52886363,0.1,0.2,0.6,22.2,22.2,27,22.4,6.8,11.6,3.9,1.045,4.96,2.09,7.91,89.108544,81.88909,4.24,1.63,6.98,81,68,17.9686258268206,2300
CRI,CR,Costa Rica,26.251,1100,1100,44.9788533469365,27.2549764935133,62,10.179,99,6.8663702,1163.30224609,1927.74318453635,5.457,4.61124086,67.15689087,24.90729523,781.23759736,1294.61238649511,32.83202744,381.93570776,632.917181378922,0.01108145,0.12891078,0.213621942148724,1.33,99,99,93,0.54,0.41,0.23,9.3,83.42,78.129,80.799,0.0293771962797202,3404,8.716621057,24,7.96,14.8,9.9,8.6,11.4,0.13,0.091,0.18,57.683,111.434,9.2,8.5,9.8,7.2,10.5,9.7,11.2,967,478,13,374,553,24.12618256,280.66042003,465.090847395543,0.0617309447596691,0.112198093078035,0.051516394463178,99.8154123406248,99.64625,99.8496528571429,98.7888406524124,98.13084052852,98.9220219223664,18.7992771803014,471912,18.1841774488263,492473,19.4290472192677,964386,5.1019543138015,5.45019031627851,6.40831741280573,6.84383097515789,6.67390572221909,7.13502592783131,6.82639984401865,7.28955927421009,68.9755668228098,1779049,68.5519743894648,1759336,69.4092620588876,3538385,7.12125392361692,7.58937448120666,7.58305197862809,8.01097790374352,7.81110920158971,8.20665964947718,7.92185287968243,8.2255965926127,7.33917698257772,7.41886308905729,6.55928948335801,6.37847532358502,6.00763260534329,5.6658347562342,5.88571437378958,5.50834251249049,5.4964931168604,5.11557847627043,12.2251559968888,344221,13.2638481617089,282918,11.1616907218447,627139,4.4207882144682,4.01796563576052,3.34791548338421,2.96639323824884,2.41715224596965,2.07663307463365,3.07799221788684,2.1006987732017,0.476482848761595,2595182,50.5892306102836,2534728,49.4107693897164,5129910,0.1,0.4,0.6,19,13.5,23.3,13.7,7.9,10.6,2.5,1.045,8.06,2.79,13.45,90.698008,83.89217,3.4,1.28,5.54,95,86,14.3746323112335,500
CUB,CU,Cuba,48.674,1800,1700,46.7631927747239,22.4458823422478,68,8.706,100,9.38383102,1199.35327148,2575.4060881822,10.147,7.82557917,83.39429474,19.97772026,1091.70347288,2147.74176243907,16.58238602,106.98241482,427.063793433914,0.02331761,0.66736012,0.600523119933525,1.439,99,99,99,0.43,0.35,0.17,11,80.52,75.672,78.085,0.0404435284632331,2473,7.062041879,35,38.7,8.9,17.6,13.9,21.5,0.12,0.073,0.17,73.248,126.691,6.6,5.8,7.3,4.2,8.3,7.4,9.1,-22356,631,33,398,806,16.58238792,106.98242716,427.063824611923,0.169122642412029,0.451779971962651,0.0877982056074842,95.1464064347704,91.8916600350942,96.0828426146925,94.7703506688301,93.9205451877825,95.0148519587763,15.2939497984614,812171,14.5997692212142,867071,16.0068434227821,1679242,4.23072270000034,4.65605662300069,4.93851861159542,5.4527606297352,5.43052790961841,5.89802617004622,5.09110980364029,5.48985763022256,68.1369704665384,3739660,67.224972285154,3741631,69.0735534108195,7481292,5.80252792471844,6.2267486080548196,5.85079409078318,6.32647391118134,6.45136181594394,7.03649517803606,6.73685124475476,7.28885446973165,5.60637134963525,5.93463395903177,6.30883731030363,6.44879524744871,8.70026854683607,8.56013055485815,8.99799978536386,8.57548994993428,7.67885041317456,7.18607390232015,16.5690797350002,1011072,18.1752584936318,808177,14.9196031663984,1819249,5.2222553583983,4.6521521613918,4.56187174214614,3.8993848857645,3.63546694954055,2.94595782073814,4.75566444354683,3.42210829850394,-0.364986968189241,5562903,50.664963050727,5416880,49.335036949273,10979783,0.1,0.3,0.6,18.1,22.1,26.7,22.2,10.6,7.3,2.5,1.071,13.79,4.32,23.49,87.50997,79.691027,5.38,2.07,8.79,84,88,19.0382383182287,530
CUW,CW,Curacao,12.954,NA,NA,46.4341376396582,21.8599192564078,NA,7.5,NA,NA,NA,NA,9.7,NA,NA,NA,NA,NA,NA,NA,NA,NA,NA,NA,1.2,NA,NA,NA,NA,NA,NA,2.8,80.823,72.456,76.8,NA,NA,NA,NA,161.1,NA,NA,NA,NA,NA,NA,NA,54.945,135.152,NA,NA,NA,NA,NA,NA,NA,513,NA,NA,NA,NA,NA,NA,NA,0.272701409392724,NA,NA,100,NA,NA,99.1690721651989,NA,NA,14.927903861032,11406,13.954887991564,11877,15.9992750257706,23283,3.52357192459042,4.06665231821837,4.80646073917852,5.50074196581293,5.62485532779507,6.43188074173926,5.30336153905507,6.0484373407039,68.2903685812332,53976,66.0373961575062,52535,70.7710780593346,106510,6.05539980967568,7.54822777784071,7.3249144826522,9.74070843575482,7.27244669632983,9.398044835125,5.95303618734086,7.18857259370858,6.01219104446902,6.25290272884831,6.2282348705023,5.80998878555489,6.87019366785834,6.20079520610791,7.3892132404002,6.34918836869471,7.62840461922276,6.23421198699577,16.7817275577349,16353,20.0077158509298,9821,13.2296469148948,26174,6.61557058717626,5.00741965812934,5.30901982973689,3.82707099083587,3.93354080399167,2.58045514788341,4.14958463002495,1.81470111804619,0.845408275786684,81735,52.4056242654274,74232,47.5943757345726,155967,NA,NA,NA,NA,NA,NA,NA,NA,NA,NA,1.047,NA,NA,NA,90.6536,77.654563,NA,NA,NA,100,50,NA,NA
DMA,DM,Dominica,34.138,100,100,44.5713412237411,25.8396296458051,NA,11.09,100,5.00757647,492.4524231,968.266382918939,12.763,3.36183167,67.13490295,5.03135157,330.60748136,650.044700516368,30.15818024,148.51470053,292.011522620944,2.70691705,13.33027968,26.2101681029078,1.484,90,90,80,0.32,0.23,0.12,4.5,74.545,68.214,71.132,0.0487406474867623,2052,NA,36,0,10.9,NA,NA,NA,NA,NA,NA,86.519,180.736,33.1,31,35.1,30.8,35.5,33.1,37.7,-200,24,0,23,26,29.32637405,144.41845584,283.957433426396,5.57106803604074,NA,NA,96.9953113262366,96.620891760969,97.138675389306,80.3664248800941,NA,NA,17.8732724114493,5895,17.8077846753364,5938,17.9387641043457,11833,5.36197078858731,5.52089784450856,5.91478242481913,5.93326586408471,6.53103146193001,6.48460039575246,6.73493739332699,6.38641753394861,69.1707574956574,22710,68.6045282220913,23084,69.7370209809223,45794,6.7591040222333,6.68247662492636,7.30134275831861,7.37881969095056,8.4190493452354,8.55248251589807,7.635144320087,7.69753636542151,6.7319165647137,7.0585925109134,5.55681423414443,5.9317553585185,6.82707266603229,6.99666178269867,6.88597882399142,6.9996827938311,5.75316809400819,6.05259580381554,12.9559700928933,4498,13.5876871025722,4080,12.324214914732,8578,4.64754482154455,4.83814932858028,3.3606718322836,3.31858072896999,2.4166628906309,2.16455447638325,3.16280755811319,2.00293038079845,-0.459632350460969,33103,50.0007552299675,33102,49.9992447700325,66205,0.1,0.3,0.5,29.8,21.9,27.2,22,NA,NA,3.6,1.036,NA,NA,NA,83.448548,70.048905,5.02,1.99,8.1,100,75,NA,100
DOM,DO,Dominican Republic,52.774,4000,3300,52.5742155868587,40.552161696486,66,17.931,99.2,4.59880495,488.8727417,1168.81089141222,6.25,2.94757152,64.09429169,15.41133881,313.33953936,749.141103197454,35.04886246,171.34433973,409.654932009038,0.85684156,4.18886489,10.014857592162,2.243,87,86,89,0.62,0.57,0.36,51,76.975,70.532,73.72,0.270778358174781,369,13.43542101,124,139.7,64.6,17.4,14.4,20.6,0.27,0.22,0.32,99.021,172.196,28.4,25.9,30.9,21.7,31.4,28.5,34.1,-34806,5770,250,4417,6396,25.05566978,122.49034949,292.853419453764,1.6731961731137,5.05423210681727,1.07705741049716,97.4571299883182,94.8156475546143,97.922869327823,90.1198237574984,81.1022495810151,91.709785341808,26.5786510625149,1489350,25.918139358918,1547940,27.2467396155403,3037290,8.47748319437154,8.9049510459378,8.68986968889107,9.12895327363872,8.75078647565543,9.21283529596378,8.29029524498407,8.74169309670583,65.541873910583,3748516,65.2328468256489,3741319,65.8544459012002,7489835,8.27305825675665,8.67073969580512,7.90665261604144,8.21895962529704,7.6948055931373,7.89829637029614,6.93973675699423,7.0443736866206,6.33101264826007,6.36886421840763,5.78017732431998,5.72586552455923,5.20259464964234,5.03383664013556,4.67177198240244,4.38487969121277,4.14274175311047,3.76693735216025,7.87947502690208,508496,8.84901381543301,391935,6.89881448325955,900432,3.33701479205066,2.91867369066025,2.32071987788451,1.92710387350827,1.45057826571535,1.10228598973086,1.74070087978249,0.950750929360178,0.846199988604412,5746363,50.2851440351473,5681194,49.7148559648527,11427557,0.4,0.3,1,27.8,22.2,27.2,22.4,7.5,5.6,3.6,1.044,4.2,1.49,6.93,83.366697,73.557961,6.5,2.69,10.31,77,81,50.894584480517,1200
ECU,EC,Ecuador,55.531,1900,1700,48.8091845545471,36.3925485282803,82,15.033,99.4,7.56167889,509.49414063,1238.08562321825,5.128,4.6845336,61.9509697,11.87373734,315.6365676,767.006054899117,37.78332138,192.50380407,467.789852223403,0.26570976,1.35377573,3.28971446580235,1.823,70,70,74,0.26,0.18,0.1,66,80.139,74.664,77.392,0.0978263804909136,1022,10.62690669,55,35.6210816810151,20.1,13.2,11.7,14.7,1.03,0.5,1.55,81.378,140.92,11.1,9.5,12.6,7.1,13.1,11.3,14.7,-19704,3018,150,1919,3581,30.88848877,157.37504197,382.425936891781,1.70986111713173,4.88936889731099,0,92.0708709697554,81.3846728760347,97.8176453614458,91.204340143216,86.0593518598395,93.9711881364603,24.4558490395414,2171034,23.8723393844363,2264151,25.0427933234009,4435185,7.39940935839542,7.76949894537519,7.90649356647082,8.29354295314856,8.56643645957008,8.9797514248772,8.50023599823957,8.89810233897754,67.200152298168,6089686,66.961214094799,6097383,67.4404969290343,12187069,8.41787165049499,8.75317576453386,8.4007731175876,8.63720574751165,8.04290797113262,8.1928475754690009,7.40636422788991,7.48703978374385,6.77092556667754,6.74566674740879,5.94418675996271,5.8546829876354,5.21709776319851,5.07725251157764,4.4994322022553,4.29080767558922,3.76141883736024,3.50371579658737,8.3439986622905309,833629,9.16644652076469,679596,7.51670974756474,1513224,3.07254588633214,2.77256272169519,2.44218730370706,2.11141748874311,1.72464819493647,1.40172743893739,1.92706513578902,1.23100209818905,0.860548498593581,9094348,50.1467207066018,9041130,49.8532792933982,18135478,0.1,0.2,0.4,23.5,19.9,29.5,20.2,4.7,17.7,12.1,1.047,7.56,2.63,12.51,86.925534,79.469369,2.54,1.15,3.95,78,72,34.0920006701012,810
SLV,SV,El Salvador,54.23,940,880,49.152974332256,36.9990714109894,76,15.758,99.9,9.28738594,500.69497681,1175.52067026246,7.519,5.62305593,60.54508972,18.50918007,303.14621927,711.72004059297,38.5678215,193.10714421,453.372715142816,0.88708884,4.44160918,10.4279125620099,1.775,95,95,96,0.27,0.26,0.15,116,76.264,67.524,72.099,0.0687373190839062,1455,10.22300061,39,26.8,20.9,12.6,10.8,15.2,0.77,0.36,1.23,115.406,281.2,9.2,8.3,10,4.4,10.4,9.4,11.4,-23102,913,39,439,1041,32.4943924,162.69780001,381.978324205724,1.19618653173439,2.42704633522117,0.80740871480039,91.6199927341916,80.3778081349793,95.1709376521583,88.0411163426053,77.1214407360116,91.490193874904,24.8061237642969,764795,22.9843518756577,807465,26.8195441409876,1572260,7.22773635561906,8.35899291651021,7.62987498420341,8.86636097150412,8.12674053583522,9.59419025297324,8.11315659890075,9.56560917796278,67.0452603762618,2247398,67.5409422714236,2002060,66.4974332666774,4249458,8.83082123163332,10.2605561070085,9.31922687563891,10.6314790066939,8.06658954075925,8.87350208844456,6.600621284797,6.34768902661096,6.2489565988707,5.20673782651304,6.12016464813471,4.79821611577378,5.45802285497389,4.21546775893648,4.80336424831016,3.6606029726643,3.98001838940489,2.93757318606911,8.14861585944133,315267,9.47470585291872,201208,6.68302259233506,516475,3.18701099141853,2.36478917845103,2.52641692558542,1.84011637031308,1.82074342302288,1.31248747190676,1.94053451289189,1.16562957166418,0.451762522948611,3327460,52.4985516374386,3010733,47.5014483625614,6338193,0.1,0.2,0.4,24.6,14,23,14.4,8.5,9.4,6.7,1.048,7.63,3.15,12.59,81.944796,63.502319,3.15,1.25,5.35,79,90,34.7246412023096,500
GRD,GD,Grenada,29.088,NA,NA,46.370277864502,28.4558226662504,NA,11.711,100,4.65330839,526.3918457,880.317032463419,8.859,2.10270882,45.187397,7.27203751,237.86276908,397.79232821304703,52.1304512,274.41045675,458.913241891628,2.68215346,14.11863781,23.6114538942754,1.487,93,86,83,NA,NA,NA,1.7,78.359,72.364,75.205,0.068962986844601,1450,NA,48,208.2,8,17.1,16.3,17.8,1.69,0.97,2.39,105.663,159.659,16.7,15.3,18,12.4,18.3,16.7,19.7,-192,23,1,17,25,48.48131943,255.20171825,426.789304009365,3.54109589041093,NA,NA,95.6286504435547,NA,NA,92.6192396904393,NA,NA,19.4411620416782,11170,19.1096968452748,11616,19.7709150632707,22786,5.78166700882776,5.96624996808809,6.08704578115377,6.2998357600565,7.24098405529323,7.50482933512607,7.18623828098269,7.44696241202951,68.3194334833522,39432,67.459624991446,40644,69.1748006569598,80075,7.01344693081503,7.23166341874377,7.60025319920619,7.86479563615321,8.47618558817492,8.72003472015386,9.1108944090878,9.18807600990545,7.21959898720318,7.17379649564721,5.23592007116951,5.56543642722809,5.02634640388695,5.32886282986274,5.1948607404366,5.27099590676617,5.39588038048313,5.38417680046974,12.2394044749696,7851,13.4306781632793,6495,11.0542842797696,14345,4.365975501266,4.30427789738833,2.99904194894957,2.8907932023385,2.21891466502429,1.74111359787594,3.84674604803942,2.11809958216677,0.107559936614412,58452,49.870741508613,58755,50.129258491387,117207,NA,NA,NA,23.6,20.7,26.1,20.9,NA,NA,NA,1.04,1.3,0.68,1.92,82.974558,74.084587,7.33,2.98,11.73,100,0,NA,NA
GTM,GT,Guatemala,68.269,1400,1300,57.2981463861187,49.6702323977954,78,20.809,69.6,6.80241346,392.01223755,935.351381407763,4.829,2.43609333,35.81219101,17.7543602,140.38817208,334.969829292155,61.21704483,239.97830929,572.594486435764,2.97076392,11.64575743,27.7870800800501,2.311,81,81,90,0.13,0.13,0.1,28,74.877,70.312,72.602,0.229518594848037,436,14.49437989,94,84,22.9,14.6,16.4,12.4,0.82,0.49,1.14,123.436,201.633,17.9,15.8,19.8,10,21.4,19.1,23.5,-7725,6708,350,3771,8055,57.18184662,224.15982606,534.851174117808,0.991336482432204,1.40107269859391,0.635811330851567,93.1845373918033,89.1586192327372,96.6777935468487,71.1696950985045,59.9019930605465,80.9465949241948,31.5771277741567,2862513,30.8554614942836,2949687,32.3104916963617,5812199,9.84712144913189,10.3466123120877,10.6282218884039,11.13071245853,10.3801181567478,10.833166925744,10.0798864481057,10.4779547278614,63.5735372758947,5923101,63.8460034355312,5778473,63.2966546542843,11701574,9.89280888305569,10.2356386234005,9.19928905027914,9.43871696845865,8.16028663057519,8.31698011357195,6.88895576753596,6.95670624045438,5.74814426126594,5.64135967798242,4.60157668805825,4.3265279475476,3.67744229704582,3.27607889899554,3.0538198726163,2.57565538939869,2.54379353699319,2.05103606661313,4.84933494994855,491554,5.29853507018521,401032,4.39285364935403,892586,2.0371302966595,1.70562758518252,1.47481968635256,1.25270136203745,0.970484742757704,0.803395393962072,0.816100344415451,0.631129308171994,1.54129399660934,9277168,50.401972492224,9129191,49.598027507776,18406359,0.1,0.1,0.2,9.8,10,20.8,10.5,3.7,44.6,11.8,1.039,4.94,2.81,7.1,80.316149,71.657858,1.54,0.59,2.53,89,85,36.0607039325456,500
GUY,GY,Guyana,69.927,560,500,55.9953375228056,45.4891847046722,69,20.287,97.6,2.46673751,505.03240967,1331.13608960325,7.32,1.73029017,70.1448822,7.31209755,354.25441944,933.723899986413,28.61799622,144.53016813,380.944498772975,1.23711646,6.24783918,16.4677035626772,2.412,98,98,99,0.55,1.2,0.69,67,73.944,66.507,70.18,0.180420455984603,554,17.16307383,75,160,22.3,25.4,23.9,27.1,0.074,0.11,0.039,143.802,265.074,23.8,20.8,26.8,15.6,25.7,22.5,28.9,-5407,401,13,262,434,26.32743073,132.96206803,350.45395032385,0.0132260452642441,0,0.048418674003365,95.6442641595321,95.7063160498942,95.4791569543217,91.3087218189458,90.5910070752564,93.218462705749,29.1605627091765,119373,27.9889004297742,122976,30.3957032355496,242350,9.47648668356377,10.2971327303264,9.4512817025906,10.2573387199429,9.06113204361986,9.84123178528042,8.30791342616582,9.06277690513825,64.1045186030576,274817,64.435068452039,257947,63.7560602446714,532764,8.27204029045517,8.99455860162364,8.90509562652549,9.28485714321024,7.79595923123636,7.56568174431236,6.07041451056616,5.63023454985188,5.61578699329196,5.20040980415662,5.58694780575987,5.20238714628748,5.22856814606228,4.87538419139683,4.69680166376321,4.33940089005113,3.95554075821272,3.60036926864294,6.73491868776595,32312,7.57603111818674,23661,5.84823651977898,55973,3.00830240350009,2.55163643598911,2.01921205712504,1.56877381306949,1.29295690768881,0.971616489550365,1.2555597498728,0.756209781170018,0.571243951310838,426503,51.3186946733615,404584,48.6813053266385,831087,0.4,0.2,1.6,29.3,37.8,31.9,37.5,5,7.1,2.5,1.037,24.78,10.35,39.95,77.170975,61.64597,5.04,2.09,8.23,77,77,50.5718604807379,100
HTI,HT,Haiti,49.775,5800,4400,55.9912955357223,48.6515580105929,87,22.2,41.6,3.19156528,54.4146843,104.722015033974,7.817,0.29809323,9.34003258,4.56377077,5.08234898,9.78107005813407,59.09884644,32.15845032,61.889503575513,31.56112099,17.17388403,33.0514420512282,2.656,60,60,77,0.61,0.7,0.5,175,68.3,61.729,64.936,0.846500703616184,118,NA,328,529,18.8,31.6,33.6,29.2,0.49,0.42,0.55,167.358,281.279,40.3,35.9,44.4,23.3,55.1,49.8,59.9,-31747,10367,850,6027,14233,52.40410995,28.51553042,54.8786401249201,17.5339967263712,31.455294289658,8.11933943638795,73.3157500565915,54.748614962214,85.4523037961085,29.1081189443114,24.0578248724117,32.4092831794399,31.1886406665943,1821080,30.6207995996772,1850620,31.768358877981,3671700,10.2398422383908,10.6659575826782,10.2459123207707,10.6237198207286,10.1350450405157,10.4786814745743,9.72639061635885,10.0312410091332,64.1061410872761,3808956,64.0461958491062,3737976,64.167340159125,7546932,9.22108568383682,9.43101159826112,8.63522184637782,8.7737298801996,8.05092176975354,8.13509079960092,7.09375721452831,7.13046550288085,5.97191855462763,5.97019306631217,5.0245569302265,4.97900900820482,4.13761868818626,4.01990024300661,3.41619528245304,3.21418124488873,2.76852926275739,2.48251780663705,4.70521824612954,317164,5.33300455121661,236760,4.06430096289394,553925,2.15635893254659,1.80529739298336,1.53380556668591,1.17034907394501,0.948900163286897,0.663495930549137,0.693939888697221,0.425158565416431,1.15472671204546,5947201,50.5174959016975,5825356,49.4825040983025,11772557,0.7,0.4,1.6,60.1,46,45.5,45.9,3.9,21.6,54.2,1.03,7.81,5.06,10.61,71.881031,57.608757,3.11,1.25,5.02,54,82,62.0508915832007,1400
HND,HN,Honduras,82.079,500,500,53.9383402159092,47.1377788786992,74,21.963,94.1,7.70976162,249.15301514,553.468796775363,4.478,2.46127725,31.92416763,9.42858696,79.54002834,176.690313388573,57.99752426,144.50258125,320.998205563018,10.07830715,25.11040611,55.7802859394774,2.5,75,75,79,0.1,0.1,0.1,38,75.501,70.346,72.884,0.120452335395474,830,13.09450185,47,65,16.1,17.8,17.1,18.6,0.51,0.24,0.78,111.772,175.428,13.3,11.7,14.7,8.8,15.5,13.8,17.1,-4821,3091,110,2063,3605,53.06166458,132.20473647,293.679758564536,3.41072044839907,6.96979050125697,1.11778925074671,95.7293716551666,90.3166849087778,99.2164936563071,87.6717912057898,82.6370943215188,90.9153933645441,30.6212062800353,1618436,30.1063212454703,1696524,31.1290783962545,3314961,10.3854606712959,10.7337071949243,9.99831371943174,10.3347598251512,9.7225468547426,10.060611376179,9.6487151109434,9.9749319583036,64.9610715830154,3491646,64.9519651865377,3540846,64.9700539471156,7032493,9.63703299073531,9.91783069512164,9.02357286299282,9.22238611720035,8.09170985222211,8.22324245266072,7.13935662583164,7.19447475553522,6.27830251724578,6.27852425528448,5.25419168145611,5.16493953082652,4.09574576432457,3.88065652507621,3.2233536744221,2.89579735069956,2.55998410636384,2.21727030640736,4.41772213694935,265653,4.94171356799203,212596,3.90086765662985,478249,1.99892610063756,1.69935891354939,1.44957811827272,1.1747685811675601,0.831681389145469,0.631939606239818,0.66152795993628,0.394800555673089,1.68469129774697,5375736,49.6571539049242,5449967,50.3428460950758,10825703,0.1,0.1,0.2,26.2,18.5,24.8,18.8,4.2,17.9,14.8,1.051,2.97,0.95,4.97,82.222568,72.441047,3.08,1.18,4.98,65,84,41.2209084574399,100
JAM,JM,Jamaica,36.541,1100,910,36.8213630495345,25.5888760862745,54,11.623,99.7,7.60493946,520.15704346,868.617475019533,8.076,4.8935523,64.34702301,15.85596371,334.70554084,558.929469626928,33.06300735,171.97954547,287.191051262845,2.58997226,13.47192155,22.4969504495466,1.358,99,99,94,0.56,0.57,0.4,2.3,73.994,68.975,71.479,0.166743619411278,600,13.68120587,130,136.9,15.1,20.2,18.3,22.6,0.099,0.099,0.098,123.329,201.452,18.3,16,20.6,14.5,19.3,16.8,21.7,-10506,609,43,480,643,20.2454052,105.30789053,175.855121052794,0.57497685489874,0.362147920243458,0.730606277799767,87.5562621347732,84.09137021796,90.0899337654479,91.6264600288818,93.8730282652242,89.9836724174635,18.7023871371085,260777,18.1699953909168,270216,19.2466267867693,530994,5.59047302850211,5.91934061057768,5.92011131475927,6.27105865493134,6.65941104765541,7.05622752126031,7.62035089650675,8.0631254827843,73.0880097211338,1042316,72.624658629977,1032781,73.5616722775595,2075097,8.02234795686623,8.48065711016403,8.89197709463322,9.38452547445076,8.99917398818779,9.47786822396989,8.12330882703884,8.52795171961134,7.44438355515345,7.7648987813447,6.50535688343757,6.61910851797996,6.08768266932458,5.8251787526118,5.73895309360759,5.07879289056604,5.191123665221,4.3395653240767,8.20960314175773,132116,9.20534597910619,100969,7.19170093567114,233085,3.83125251052198,3.09498345935139,2.36947985642514,1.86404153093505,1.57861970673968,1.23603464615049,1.42599390541938,0.996641299234205,-0.0215180207209529,1435209,50.5502126498014,1403966,49.4497873501986,2839175,0.4,0.4,1.1,23.6,21.4,26.6,21.5,5.1,6.9,7.7,1.039,1.69,0.42,2.99,79.909217,69.28309,3.1,1.22,5.03,74,38,48.2095708290971,500
MEX,MX,Mexico,60.099,22000,21000,48.7167150891959,36.4497124764113,65,15.706,96.6,5.50398684,760.98840332,1367.99293806662,6.161,2.67641234,48.62679672,9.36070919,370.04429147,665.211155153854,51.37320328,390.94412931,702.781807084207,0,0,0,1.91,78,78,80,0.39,0.3,0.16,28,77.811,72.243,75.069,0.075514952353871,1324,10.15384708,42,38.21,12.8,16.3,13.8,19.1,0.39,0.22,0.57,96.938,196.81,10.8,9.6,11.8,7.6,12.5,11.2,13.6,-104581,22018,860,15479,25584,41.23572922,313.79911595,564.101858128008,0,0,0,99.5413676283293,97.4714408075458,100,92.9912822357176,89.24084864334,93.8222609029076,24.5094927322392,15755315,23.3753441154888,16318054,25.7140899766434,32073369,7.44706414005151,8.19662768017059,7.71859029038065,8.49221819621245,8.20968968505667,9.02524410026035,8.14532606260695,8.91238170816762,67.2419370882573,45671216,67.7600127071494,42322260,66.6916807517478,87993476,8.16010393963914,8.79728324706845,7.91027391749436,8.2975344305777,7.85736480030311,7.93908579287792,7.34021328658219,7.15690129055376,6.88240102097542,6.30138113110739,6.40400313779707,5.72405379928452,5.86256727175821,5.29344348008606,5.03893856727989,4.55677929163729,4.15882070271301,3.71283658038707,8.24857017950351,5974896,8.86464317736181,4819266,7.59422927160879,10794162,3.20376970653752,2.82249583120468,2.33649949280747,2.0150590344279,1.61260161450291,1.34070773868973,1.71177236351391,1.41596666728648,0.860515443690537,67401427,51.5061197717973,63459580,48.4938802282027,130861007,0.1,0.3,0.5,21.7,12.7,25.7,13.2,7.4,13.1,2.7,1.039,6.95,2.6,11.56,84.366997,72.691878,4.79,1.9,7.9,75,69,17.7616615339214,8700
NIC,NI,Nicaragua,93.452,NA,NA,52.1895509332864,43.768001452329,NA,19.376,94.1,8.29879284,216.55238342,688.670661909422,4.586,4.76571131,57.42655945,18.28967285,124.35858312,395.479868555754,39.16247177,84.80726728,269.700458755826,3.41096878,7.38653406,23.4903409608271,2.218,89,89,85,NA,NA,NA,43,77.418,72.305,74.947,0.134998722202064,741,10.09621863,60,31.2,16.9,12.6,12,13.3,0.14,0.069,0.22,92.041,165.764,10.3,9.1,11.4,8.4,13.4,12,14.8,-8189,1360,80,1112,1780,37.6333313,81.49587299,259.169703699766,NA,NA,NA,NA,NA,NA,NA,NA,NA,28.758876248809,979522,27.8733998409872,1009482,29.673562941336,1989004,9.16985802101314,9.77412269259684,9.32571221410843,9.92796059327608,9.3778296058656,9.97147965546307,9.14604024492755,9.70913069901667,65.7075381432084,2310790,65.7561133714759,2233635,65.6573605049446,4544425,8.70337677445277,9.21465068273193,8.53417665903473,8.97600866559914,8.23750733456605,8.42584012292923,7.5036096593745,7.32210793344714,6.61377242271459,6.22988382423943,5.62153582256127,5.34565761036109,4.64593182709376,4.43316825680509,3.76730630342993,3.44926413689765,2.98285632332076,2.55164857291721,5.5335856079826,223871,6.3704867875369,158840,4.66907655371944,382711,2.30461882736865,1.85572571085912,1.80504310818279,1.35422032756141,1.13889946508177,0.809945450523706,1.12192538690369,0.649185064775207,1.34687135560209,3514183,50.8113269556902,3401957,49.1886730443098,6916140,NA,NA,NA,20.9,NA,NA,NA,NA,NA,17.3,1.035,4.24,1.68,6.9,84.267358,75.252142,3.67,1.43,6.05,70,86,31.1739893525073,NA
PAN,PA,Panama,57.342,1500,1400,52.086689450372,37.861850181925,67,16.029,95,8.33022976,1557.81286621,3318.24774938406,4.771,4.26657534,51.21797943,19.84910965,797.88028463,1699.53948057323,48.02045059,748.06874558,1593.43750157033,0.7615695,11.86382807,25.2707637865357,2.119,72,72,93,1,0.63,0.33,63,82.557,76.654,79.594,0.0730352288673397,1369,10.2837361,37,59.45,13.9,10.9,9.4,12.5,0.2,0.057,0.35,65.275,116.489,10.6,9.7,11.4,6.6,13.3,12.1,14.4,6706,757,26,472,952,40.45503235,630.21370558,1342.39821996142,3.07785536129718,9.7582327605885,0.199542812343623,95.2628238815705,87.7858096099039,98.484379,89.0540402475148,70.7652335325983,96.9339725439645,24.8949248346335,547738,24.2622443964726,576412,25.5274847891068,1124149,7.67680432109962,8.08408844361844,8.30626333982039,8.77250633136751,8.27917673555257,8.67089001412088,7.94419317909251,8.28563817549441,65.7519625952564,1478283,65.4810574273662,1490798,66.0228161736685,2969081,7.76096547908629,8.05151542059169,7.58730557388276,7.78893832538346,7.34523150630533,7.46181305741997,7.06149766552451,7.15328829206863,6.58441463810591,6.62456900531819,6.06429868174835,6.04855129763971,5.73826278524265,5.63681588624641,5.11936820661653,4.93373903096253,4.27551971176132,4.03794768254345,9.35311257011009,231552,10.2566981761613,190795,8.4496990372247,422347,3.34405502190737,3.09047350900918,2.59417910424622,2.27659080245004,1.86279649366898,1.51120226341545,2.4556675563387,1.57143246235004,1.26624987466078,2257573,49.9952387026594,2258004,50.0047612973406,4515577,0.3,0.7,1.1,16,25.4,27.5,25.5,10.9,14,5.7,1.054,3.29,0.99,5.59,88.907485,82.559842,4.66,1.82,7.55,77,75,28.3756995587551,720
PRY,PY,Paraguay,70.332,1200,1100,54.1439537929832,44.0665565058924,58,19.985,92.2,8.35731316,526.5098877,1469.44739737129,5.703,4.63161516,55.41991043,21.56653404,291.79130718,814.366406484119,44.54848862,234.55218872,654.616564520033,0.03160404,0.1663984,0.464404741827006,2.422,80,80,90,0.27,0.3,0.18,81,76.953,70.886,73.844,0.141295781917901,708,9.960016952,58,84.6,22,16.1,13.8,18.6,0.17,0.13,0.21,96.392,178.648,15.1,13.6,16.6,9.1,17,15.3,18.6,-12451,2072,80,1242,2332,36.32289886,191.24366365,533.745904342601,0.341820225590154,0.936211704110001,0,99.6035956651355,99.1112275316309,99.8867485356581,95.9347586765151,96.2566894257423,95.7496277109764,28.5879240940415,968075,28.0192368417473,1012826,29.1534882542782,1980901,9.56070803293858,9.95346729930722,9.57170646797704,9.95958396322978,8.88682234083166,9.24043699174121,8.31695868958857,8.62302813147287,64.8744298184785,2234854,64.6839527333571,2260394,65.0638608497816,4495248,8.22988292165902,8.48352501758721,8.52727481644915,8.72637816353858,8.26464376503059,8.40416670024835,7.58281315077089,7.68228522018263,6.38886066922004,6.43976769917873,5.1021305994697,5.10132649571862,4.51209350290605,4.44102902724031,4.19630817267659,3.97406131516622,3.56298644558655,3.18829307944812,6.53764608747996,252107,7.29681042489559,200896,5.78265089594015,453004,2.66081086830619,2.29943387037163,1.91892301008643,1.60351582963839,1.34513754845462,1.03868149480328,1.37193899804836,0.841019701126848,1.23438951533718,3455037,49.8623280507733,3474116,50.1376719492267,6929153,0.1,0.2,0.5,27.9,23,27.8,23.2,15.4,3.2,5.2,1.05,6.36,4.69,8.01,83.844377,72.421355,5.62,2.37,8.88,72,70,32.3440692480211,500
PER,PE,Peru,43.562,6500,6000,49.6973010705299,35.8830504436385,80,15.944,94.9,5.63786411,445.52667236,956.47844506314,5.491,3.58431911,63.57583237,15.95128155,283.24729748,608.089135561944,36.42416763,162.27939061,348.389323503683,0.19733442,0.72616578,1.39977757841205,1.98,80,80,89,0.12,0.33,0.19,139,80.123,75.413,77.74,0.09636409998616,1038,7.471594891,51,87.4,13.6,12.3,12.8,11.7,0.77,0.46,1.07,92.646,136.882,13.5,12.1,14.9,7.8,15.8,14.2,17.3,18406,7305,280,4188,8536,26.98286247,120.21585279,258.085265604731,1.92261914327498,7.23764618723544,0.521580796551802,95.6370823826383,87.3429804226527,97.8234063485407,78.7732036574365,61.0156539030374,83.4540870954899,23.9704046258316,4027361,23.4145036039668,4174795,24.532274419535,8202157,7.6607923351961,8.03622069527695,7.73535796662886,8.10273726603878,8.01835330214179,8.39331645821928,8.29607256182725,8.62942839527443,66.8014725356409,11475213,66.7152521061644,11382814,66.8886187235729,22858026,8.07606746714378,8.24490802561401,8.1400431568468,8.02996539340178,8.1007705483459,7.88826767450382,7.58782551462015,7.47715713012744,6.73771743355277,6.689033165969,6.06461224897834,6.12612651258429,5.38084154252457,5.50373425949801,4.51796332310453,4.58070849623366,3.81333830922031,3.71928967036645,9.22812283852747,1697710,9.87024428986883,1459955,8.57910685689209,3157665,3.16433737850891,2.9739420988809,2.54394353441907,2.2858442019081,1.8395132847665,1.5898632730278,2.32245009217435,1.7294572830753,1.0937871324756,17200284,50.2669951657977,17017564,49.7330048342023,34217848,0.1,0.1,0.4,29.6,20.7,28.8,21,9,10.6,6.9,1.041,1.54,0.81,2.28,85.354044,79.769845,6.45,2.99,10.04,64,85,22.391668653165,690
PRI,PR,Puerto Rico (US),14.076,NA,NA,57.102662014672,18.2689695151796,NA,5.8,99.8,NA,NA,NA,10.7,NA,NA,NA,NA,NA,NA,NA,NA,NA,NA,NA,0.92,NA,NA,NA,NA,NA,NA,0.55,85.243,78.032,81.69,0.00874760963215272,11432,NA,11,31.4,NA,10.1,7.4,13.1,0.27,0.3,0.24,39.323,109.459,NA,NA,NA,NA,NA,NA,NA,11561,NA,2,NA,NA,NA,NA,NA,0,NA,NA,100,NA,NA,100,NA,NA,11.6286791330835,181243,10.6924166664481,191258,12.6809181597632,372501,2.73907768511127,3.24394133582609,3.47497931542584,4.13706430858794,4.47835966591098,5.29991251534912,5.29064631753379,6.28657954012093,63.6526418448685,1060535,62.5661811656861,978447,64.8736844139429,2038982,6.02089411567216,7.0390261461521,6.12817120969568,6.76576353203474,5.77457355096507,6.04214002326155,5.67612692678375,5.748078924191,6.14061546917627,6.10473199923881,6.50659910045782,6.50170465692817,6.65639650966208,6.71204775987216,7.08183280918812,6.86428611902564,7.29032515655141,6.80932571311782,24.718679022048,453283,26.7414021678658,338529,22.4453974262939,791812,6.99466470589435,6.36705493780598,6.32590961853828,5.56800007336788,5.51475956204367,4.72020797174812,7.90606828138948,5.79013444337195,-0.0155140706220036,1695061,52.9161807573431,1508234,47.0838192426569,3203295,NA,NA,NA,NA,NA,NA,NA,NA,NA,NA,1.052,5.42,1.85,9.41,92.934791,83.100827,NA,NA,NA,76,81,NA,NA
SXM,SX,Sint Maarten (Dutch part),17.156,NA,NA,40.9985363473736,21.3400552935437,NA,9.126,NA,NA,NA,NA,8.126,NA,NA,NA,NA,NA,NA,NA,NA,NA,NA,NA,1.447,NA,NA,NA,NA,NA,NA,6.9,79.531,73.698,76.371,NA,NA,NA,NA,237,NA,NA,NA,NA,NA,NA,NA,61.785,110.607,NA,NA,NA,NA,NA,NA,NA,558,NA,NA,NA,NA,NA,NA,NA,0.13137985504364,NA,0.13137985504364,99.3111793297519,NA,99.3111793297519,98.7810265603988,NA,98.7810265603988,15.1359269212581,3029,13.6104246236801,3533,16.7452774288355,6561,3.89126039092339,4.58865634851035,4.18782296113233,5.35659263824038,5.53134127162435,6.8000284420848,5.86834419231633,6.89957573890166,70.9219040149479,16170,72.6600763873287,14575,69.0881941646323,30745,5.34711300831274,5.41821715531748,5.57178162210739,5.41584698158375,6.84565266232307,5.85432912232467,7.82745450460571,6.62700575952217,7.80948101550213,6.95645990851129,8.01617614019321,7.6058875115546,8.64974163109414,8.06333104216539,9.25859357447765,8.65113412813159,7.46573803639631,7.59640681661966,13.942169063794,3055,13.7294989889912,2989,14.1665284065322,6044,5.58750842507302,5.67656609229456,4.03055493147607,4.32319689033206,2.3612671309818,2.65222440804911,1.75016850146035,1.51454101585646,1.39608999302398,22254,51.3367627044359,21096,48.6632372955641,43350,NA,NA,NA,NA,NA,NA,NA,NA,NA,NA,1.039,NA,NA,NA,89.217237,80.587461,NA,NA,NA,100,100,NA,NA
KNA,KN,St. Kitts and Nevis,35.183,100,100,41.6706992499395,25.7682071134769,NA,11.745,100,5.73595428,1294.88391113,1935.96955077211,9.963,3.11200881,54.25442505,7.18737888,702.53182137,1050.34918476739,45.74557114,592.35205191,885.62037464983,0,0,0,1.505,97,97,95,0.68,0.49,0.26,1.1,76.023,68.573,72.145,0.0972577936795513,1028,NA,74,207.9,NA,NA,NA,NA,NA,NA,NA,103.779,215.46,14.3,12.8,15.7,10.3,16.3,14.6,17.9,-7,8,0,6,9,41.80017853,541.26376972,809.238730505653,1.31996609078527,NA,NA,98.6118541324065,NA,NA,94.9535945166888,NA,NA,18.1894840210917,4268,17.47542997543,4253,18.9671319627169,8520,5.63472563472564,6.32609374303171,6.08517608517609,6.61374481559113,5.75552825552826,6.02729340409401,6.63390663390664,6.61597466886679,70.5847191682855,17228,70.5487305487305,15836,70.6239129465281,33064,6.82637182637183,6.92146456763145,7.6023751023751,7.55251304464166,7.67199017199017,7.92935824822727,8.45618345618346,8.30620345181287,8.01187551187551,7.36520536948669,6.78951678951679,7.08647371002988,6.54381654381655,6.57806716318066,6.11998361998362,6.40190875440396,5.89271089271089,5.86674396824689,11.2257968106227,2925,11.9758394758395,2334,10.408955090755,5258,5.33988533988534,4.74735762386835,2.98935298935299,2.96124515006913,1.56633906633907,1.4494046291754,2.08026208026208,1.25094768764215,0.181622041143753,24420,52.1315884977478,22423,47.8684115022522,46843,0.1,0.5,0.8,20.4,19.3,24.9,19.4,NA,NA,NA,1.037,NA,NA,NA,83.253015,67.79073,4.69,1.93,7.67,100,100,NA,100
LCA,LC,St. Lucia,27.829,100,100,37.2759418651718,24.0741730756012,NA,11.262,100,4.7298274,641.07495117,1228.46316887421,8.614,2.38351178,50.39321136,9.78612041,323.0582513,619.06201593032,44.57860947,285.78228964,547.631764953329,5.02818251,32.23441664,61.769364713719,1.379,99,99,83,0.33,0.33,0.19,0.56,76.304,69.311,72.697,0.0559020919911777,1789,16.25114353,44,52.1,29.8,15.5,15.7,15.2,0.14,0.13,0.16,92.32,192.836,14.3,12.9,15.5,10,15.5,14.1,16.9,-7,29,1,20,32,37.14485931,238.1263907,456.310906394917,6.18915648007704,7.14680060414657,2.11979700532606,98.0956816576068,98.2403,97.4912380517975,83.3579905079804,84.2801346508769,79.4394780245849,17.5369345762156,15542,17.079027038313,15980,18.0064906527839,31522,5.48238745940956,5.77848393676121,5.68458415063654,5.98469738458245,5.91205542826688,6.24330933144023,6.6417217487816,7.16788929831085,72.8463059860301,65604,72.0913621353729,65333,73.6204545710648,130937,7.47798089021489,7.92456869837621,8.50929390497855,8.95563593748239,8.54940357470564,9.1269170526126,7.99610991148401,8.07556652355679,7.43512398283526,7.54369358709983,6.82468777644079,6.96505639881456,6.77249026104252,6.55037580428879,6.43677781990209,6.23091398758212,5.44777226498756,5.07983728294063,9.61675943775436,9855,10.8296108263141,7431,8.37305477615136,17286,4.02085702825809,3.56478820864744,2.81097356607931,2.2390498405508,2.01647243696463,1.44574783363195,1.98130779501212,1.12346889332116,0.255689791113258,91001,50.6281155421043,88743,49.3718844578957,179744,0.2,0.1,0.4,22.5,19.7,25.4,19.9,6.8,2.8,NA,1.031,5.27,1.29,9.32,84.410728,70.153438,9.28,3.83,14.9,100,50,NA,100
MAF,MF,St. Martin (French part),14.29,NA,NA,65.9510955859003,35.4080660527151,NA,17.069,NA,NA,NA,NA,9.282,NA,NA,NA,NA,NA,NA,NA,NA,NA,NA,NA,2.718,NA,NA,NA,NA,NA,NA,NA,83.839,76.766,80.224,NA,NA,NA,NA,NA,NA,NA,NA,NA,NA,NA,NA,37.099,79.431,NA,NA,NA,NA,NA,NA,NA,-1424,NA,NA,NA,NA,NA,NA,NA,0,NA,0,99.9229384324588,NA,99.9229384324588,100,NA,100,21.3364460943779,2765,19.7768000858461,2810,23.1307353606847,5575,6.27749758557785,7.49351878523518,6.45276674893587,7.51820912719641,7.0465357513324,8.11900744825316,6.65307436420217,8.04082136537591,60.2568027861763,8483,60.6824766605859,7262,59.7670877741657,15745,4.76445970597704,5.55944199827168,3.80584469005974,3.5965598123534,5.02557499016346,4.46072178099667,5.8661515899417,5.03271470309864,6.24888221196838,5.52652154232336,6.18092069964588,5.64997325212954,7.23611260149515,6.8063042673141,7.69753550094788,7.54701452615119,7.2039203061845,7.54701452615119,18.4067511194458,2732,19.540723253568,2078,17.1021768651496,4809,5.93769002396538,5.96271758363853,4.87892120041492,4.66647463067363,3.5018063454591,3.11098308711576,5.22230568372858,3.36200156372166,-5.16855018990472,13979,53.4999425925217,12150,46.5000574074783,26129,NA,NA,NA,NA,NA,NA,NA,NA,NA,NA,1.04,NA,NA,NA,93.416876,85.694605,NA,NA,NA,NA,NA,NA,NA
VCT,VC,St. Vincent and the Grenadines,42.3,100,100,49.6601169138318,31.8642252599325,NA,12.158,98.6,4.43696308,469.20709229,907.566521994468,11.499,3.06539917,69.08777618,7.88985729,324.16476542,627.017530115073,29.33395386,137.63700118,266.225147630586,1.57827044,7.40535759,14.3238547837108,1.775,99,99,99,0.3,0.32,0.17,4.6,74.315,68.664,71.23,0.0875553853794276,1142,NA,56,77.3,7.4,23.6,20.7,26.2,0.004,0.006,0.003,136.978,220.803,9.9,9,10.7,5.8,10.6,9.7,11.6,-737,12,1,7,13,26.57362938,124.68536201,241.173366356983,2.53330564820249,4.03278543299785,1.16010874237815,97.7283062747314,96.9901655333496,98.4042848029544,89.7010629819102,86.0579291988213,93.0373823728061,21.2913453128727,10545,21.3540031794571,10878,21.2309583987977,21422,6.14019988051722,6.1040469196764,7.33198999584848,7.2838698974364,7.88181330309136,7.84304158168493,7.22567057179599,7.41170845003074,66.8174047865151,32617,66.0537267489545,34612,67.5534043113796,67229,6.93708927793923,7.28679749787749,6.92898875039237,7.42927405267729,6.82064419445316,6.96671318298479,6.46725868022155,6.3548446907966,7.00695632803086,6.58710099245655,6.63028179710204,6.6056424619168,6.09159671523608,6.51586271505665,6.13108678702701,6.43681750314717,5.81415364675625,5.95864276443551,11.8912499006122,6218,12.5922700715884,5746,11.2156372898227,11964,4.57173523425713,4.52704614874162,3.1693314027076,2.91198657207264,2.20233092680161,1.91465068847404,2.64887250782207,1.86195388053438,-0.700214310937747,49380,49.0776814820705,51236,50.9223185179296,100616,0.3,0.2,0.8,20.3,18.6,24.7,18.8,NA,NA,6.1,1.033,0.41,0,0.8,79.257889,67.803141,5.62,2.2,8.9,100,60,NA,100
SUR,SR,Suriname,48.032,500,500,50.4628213246437,38.5774558701112,49,17.298,98.4,5.40666008,297.04589844,1142.72707162134,6.649,3.3523376,62.00385666,11.5488596,184.17990353,708.534815205238,32.8322258,97.52678206,375.182738081431,5.16391993,15.3392125,59.0095112637669,2.249,69,69,73,NA,1.1,0.73,34,76.835,70.458,73.631,0.176799217940794,566,16.46447838,84,288.37,15.3,18.7,18.8,18.8,0.21,0.23,0.19,121.186,195.888,15.2,13.3,17,9.9,16.2,14.2,18.1,-1166,165,9,108,176,19.71665573,58.56751519,225.307553955481,1.20779358261079,3.2468497674422,0.182120667859273,97.9978493893275,96.5744126253473,98.7138538704763,89.9982745800564,82.364078121489,93.838375571907,25.6391948060546,79912,25.1685800223619,82751,26.1106693676126,162663,8.24931890836365,8.5706126982324,8.36081321553991,8.68025974517711,8.55844789845829,8.85979692420313,8.44852836963197,8.70613329294536,66.4615222143937,208072,65.5336136438796,213580,67.3911260041776,421653,8.60836837215162,8.79416646157147,7.97877198784271,8.11892997103425,6.84634887639565,7.13273761067252,6.67186343522149,7.00258104415542,6.28399552762949,6.81342016748389,5.54999133871908,5.62765440512927,5.55361332892395,5.79267715491944,5.14448591360766,5.16839893224286,4.447646493756,4.23442696402315,7.89928297955175,29521,9.29780633375852,20595,6.49820462820974,50115,3.40986756114077,2.77856660545364,2.41807215634399,1.80515325344087,1.57887277365711,0.98934767106517,1.89099384261665,0.925137098250065,0.877853398525397,317505,50.0456314398256,316926,49.9543685601744,634431,0.6,0.6,1.6,25.9,22,26.9,22.2,3.7,8,9.7,1.04,22.26,14.03,30.47,81.622616,70.76671,5.93,2.27,9.67,61,72,41.8298335506226,200
TTO,TT,Trinidad and Tobago,35.994,NA,NA,43.1406495832357,25.4222039969203,NA,10.708,100,7.52568626,1276.33862305,2243.81253868002,8.368,3.64105821,48.38174057,11.06523609,617.51485067,1085.59556969878,51.54345703,657.86904061,1156.53852722542,0.07480285,0.95473769,1.67843575149272,1.532,92,92,96,NA,NA,NA,27,76.683,70.378,73.49,0.0695797758506744,1437,16.27413873,54,7.8,9.3,20.3,17.1,23.6,0.12,0.15,0.086,105.843,187.474,17.2,15.5,18.8,12.9,19.1,17.3,20.8,1334,279,9,207,311,45.27397919,577.84927148,1015.86319486056,0.194754692357244,0.235190824175824,0.159696758241761,99.2503077495039,98.9887489001222,99.4770802165643,94.1780681697959,93.0866523404935,95.1243226711766,17.7602988231385,119323,17.2456262423492,123697,18.2867454200291,243020,5.31592639980903,5.64025678694331,5.82693317891205,6.17677245376426,6.10276666362808,6.46971617932154,6.08138727322926,6.47293607829721,69.8613492737509,476450,68.8606555603138,479486,70.8849355684799,955936,6.05764696855328,6.48306534382484,6.3721076340819,6.82430755401716,7.3396234210566,7.73003830338156,8.66357168293183,8.98090197420056,8.59530191175033,8.87880434418037,7.10648313618606,7.3278192563375,6.24691359643974,6.31777719640713,6.05384327332895,5.81976615483689,6.34377666275586,6.04951936299665,12.3783519031106,96131,13.893718197337,73246,10.828319011491,169377,5.33461697116996,4.59506416319521,4.13422322313329,3.33521160773581,2.49778172429374,1.82789639975046,1.92709627874003,1.07014684080954,0.0601642729371072,691904,50.5654663605216,676429,49.4345336394784,1368333,NA,NA,NA,22.9,22,26.3,22.1,15,7.8,11.2,1.041,13.34,4.64,22.25,83.573439,72.614884,6.03,2.38,9.82,74,66,49.2799611937816,NA
TCA,TC,Turks and Caicos Islands,16.189,NA,NA,37.5960969840331,22.1141336487286,NA,10.738,100,NA,NA,NA,7.401,NA,NA,NA,NA,NA,NA,NA,NA,NA,NA,NA,1.463,NA,NA,NA,NA,NA,NA,8.6,80.297,75.826,78.008,NA,NA,NA,NA,0,NA,NA,NA,NA,NA,NA,NA,72.681,109.768,4,3.8,4.2,2.9,5.6,5,6.2,176,2,NA,1,3,NA,NA,NA,0.0128798166375239,0.23136,0,98.8323379770944,91.78810634106,99.24760522108,93.1525997991534,91.591958856064,93.24459929273,16.0708721486209,3803,16.3633625881948,3675,15.7789656726992,7479,5.38418516606436,5.60958330649836,5.53691275167785,5.45930744294884,5.44226467045259,4.71007492325197,6.01660643606952,5.07503059187222,72.6772609569244,16564,71.2614007916021,17256,74.0902943260127,33820,6.40595422474617,5.37772911702196,7.35458612975392,6.68727592795346,7.16744106005851,7.53955475408428,8.03002925486147,9.14535969601339,8.48175873343659,9.71855477555226,8.04508690414731,9.42659024065606,7.59120633281707,8.53137545351109,6.51996214076751,6.874047358365,5.64876957494407,5.71477641098302,11.2518668944547,2877,12.3752366202031,2360,10.1307400012881,5236,4.30433660299432,3.76763057899143,3.33419377043538,2.72428672634765,2.00051626226123,1.73031922887014,2.73618998451213,1.90850346707885,0.726821053031156,23244,49.949500376061,23291,50.050499623939,46535,NA,NA,NA,NA,NA,NA,NA,18.3,3.2,NA,1.049,NA,NA,NA,88.468486,82.458168,NA,NA,NA,100,100,NA,NA
URY,UY,Uruguay,26.188,NA,NA,52.2955026226606,27.8593836567588,NA,9.871,100,9.01887608,2076.09423828,3135.28225718818,9.783,6.52589464,72.35817719,21.37979126,1502.22396968,2268.63311327718,27.64182281,573.87030221,866.649179220557,0,0,0,1.409,94,94,97,NA,NA,NA,47,81.92,74.192,78.138,0.0193614510280504,5165,7.802982899,15,19.1,14.8,17.4,14,21.1,0.46,0.37,0.55,73.848,139.813,5.5,4.9,6.1,4.1,6.7,5.9,7.4,-1348,185,5,137,226,17.09811211,354.97291572,536.074065632559,0,0,0,99.6326913879836,95.30083,99.8201530121231,99.1507922342621,99.6129930360997,99.1307905468397,18.2929719075618,301891,17.3099908114981,317616,19.336675676992,619508,4.75772314370043,5.32598504773037,6.04700900645202,6.77917397233586,6.50525866134565,7.23151665692577,6.56921980874728,7.30116403662575,65.6618351068738,1111568,63.7356635718187,1112128,67.7069939606468,2223696,6.79415892237938,7.51327196571206,7.11677424811249,7.80513345022404,6.93810734062393,7.60961547827781,6.46354486956198,7.0628774595753,6.10684177858434,6.44527444963959,6.60952880616848,6.83107466393922,5.89970628330115,6.13810150009741,5.71450278163618,5.729197106955,5.52327873270347,5.27128384960062,16.0451929855644,330569,18.9543456166832,212816,12.9563303623612,543385,4.91173447666393,4.34559468147282,4.13405178530728,3.30715468536918,3.43753180497441,2.38155683810637,6.4710275497376,2.92202415741282,-0.0440759548302792,1744028,51.4980716573943,1642560,48.5019283426057,3386588,NA,NA,NA,25.1,24.5,24.7,24.5,13.5,6.5,2.5,1.055,24.75,10.53,39.85,87.996718,78.547297,5.61,2.55,8.97,81,74,35.0295453635141,NA
VEN,VE,"Venezuela, RB",73.295,8100,7500,54.3357993626306,39.3973091915219,57,15.087,98.7,3.77611423,185.99124146,112.410193359547,7.56,1.19817746,31.73043251,3.62696505,59.01582553,35.6682413791674,67.73262787,125.9767563,76.1383800320286,0.53693658,0.99865506,0.603571492178057,2.079,62,62,71,0.75,0.54,0.29,46,76.501,68.72,72.514,0.427563141059227,234,9.302933854,227,125.44,39,18.7,15.2,22.5,0.4,0.22,0.58,108.393,215.49,21.5,19.6,23.3,15,24.3,22.2,26.2,-105297,9105,970,6414,10365,29.6867485,55.21475191,33.3709319676724,2.99764285488624,NA,NA,93.3316109894304,NA,NA,98.3955859787771,NA,NA,25.5270054158092,3529345,24.5576301288005,3721740,26.5197156391553,7251085,7.08647991425361,7.62834014507342,8.24830966224974,8.93585648822608,9.22284055229714,9.95551900585576,9.2615033840154,9.99206633043698,64.793783382349,9272897,64.5219899073762,9132129,65.0721195075424,18405026,7.74997557697483,8.50322780070685,6.21240002215467,6.72671358604928,6.07293480708315,6.28791767111241,6.4348582949639,6.34268521580557,6.46427725519153,6.228326079092,6.27369416138011,6.00242598988632,5.83824414731078,5.54707012518795,5.42343889553931,5.07922304193023,4.7906633627625,4.36246366733484,9.67921120184184,1569442,10.9203799638233,1179990,8.40816485330229,2749433,3.98873228774025,3.44633290102174,2.91683632899248,2.32787004629304,2.02910807112096,1.47515733199258,1.98570327596961,1.15880457399494,0.369232130679939,14371684,50.5946462632311,14033859,49.4053537367689,28405543,0.2,0.5,0.6,27.9,25.1,29.1,25.2,7.3,11.7,5.9,1.053,8.63,2.02,15.38,83.121696,70.089395,1.99,0.75,3.29,82,84,27.995652610414002,3700
VIR,VI,Virgin Islands (U.S.),31.777,NA,NA,64.4379677038204,27.1272154391493,NA,11.4,98.5,NA,NA,NA,9,NA,NA,NA,NA,NA,NA,NA,NA,NA,NA,NA,1.98,NA,NA,NA,NA,NA,NA,NA,83.9,77.3,80.519512195122,NA,NA,NA,NA,0,NA,NA,NA,NA,NA,NA,NA,53.103,178.79,NA,NA,NA,NA,NA,NA,NA,-420,NA,NA,NA,NA,NA,NA,NA,0,NA,NA,99.4656802967685,NA,NA,99.2588820364163,NA,NA,16.4966727518992,8261,15.104242764821601,8958,18.0293189831138,17219,5.25316100028098,6.02956640069277,4.75526833380163,5.86008535906476,5.09581343073897,6.13966722335622,5.67912334925541,6.30296282550875,60.8132618809257,32751,59.8853610564765,30724,61.8346013484258,63475,5.06209609440854,5.73019113007979,4.58443382972745,4.85062163666729,5.27788704692329,5.2390672357271,5.41050856982298,5.42463041999134,5.77690362461365,5.95410403909198,5.91626861477943,6.0951320591328,6.61534138803034,6.86583781777695,7.607754987356,7.72808808065813,7.95504355155943,7.64396610379168,22.6900653671751,13678,25.0103961787019,10005,20.1360796684604,23683,7.26945771284069,6.83491062039958,6.4546220848553,5.29102492732109,5.34644563079517,4.37063153337045,5.93987075021073,3.63951258736933,-0.516021671191835,54690,52.3968246490154,49687,47.6031753509846,104377,NA,NA,NA,NA,NA,NA,NA,NA,NA,NA,1.039,NA,NA,NA,91.223671,72.667515,NA,NA,NA,NA,NA,NA,NA
